DATETIME,PRESSURE_T1,PRESSURE_T2,PRESSURE_T3,PRESSURE_T4,PRESSURE_T5,PRESSURE_T6,PRESSURE_T7,PRESSURE_J280,PRESSURE_J269,PRESSURE_J300,PRESSURE_J256,PRESSURE_J289,PRESSURE_J415,PRESSURE_J302,PRESSURE_J306,PRESSURE_J307,PRESSURE_J317,PRESSURE_J14,PRESSURE_J422,FLOW_PU1,FLOW_PU2,FLOW_PU3,FLOW_PU4,FLOW_PU5,FLOW_PU6,FLOW_PU7,FLOW_PU8,FLOW_PU9,FLOW_PU10,FLOW_PU11,FLOW_V2,STATUS_PU1,STATUS_PU2,STATUS_PU3,STATUS_PU4,STATUS_PU5,STATUS_PU6,STATUS_PU7,STATUS_PU8,STATUS_PU9,STATUS_PU10,STATUS_PU11,STATUS_V2,ATT_FLAG
672.5,3.7736,0.8401,4.4165,2.2738,4.5,5.2134,3.4562,2.9755,35.1576,25.686,88.32700000000001,25.7507,83.943,29.0812,114.65,29.0812,57.9988,28.8056,27.9056,95.9314,95.9502,0.0,34.6824,0.0,0.0,49.5603,14.814,0.0,0.0,0.0,107.5121,1.0,1.0,0.0,1.0,0.0,0.0,1.0,1.0,0.0,0.0,0.0,1.0,1
672.75,3.7512,0.9018,4.527,2.3038,4.5,5.1208,3.0451,2.9755,35.1496,25.7346,88.4151,25.7991,83.9777,29.1419,114.7107,29.1419,57.7041,28.8509,27.9509,95.9463,95.9651,0.0,34.6591,0.0,0.0,49.5674,14.814,0.0,0.0,0.0,107.10700000000001,1.0,1.0,0.0,1.0,0.0,0.0,1.0,1.0,0.0,0.0,0.0,1.0,1
673.0,3.7293,0.9625,4.6372,2.3338,4.5,5.0262,2.6367,2.9755,35.139,25.9154,91.8859,25.9706,86.1967,24.3153,109.7595,24.2005,70.1144,28.9812,28.0812,95.9661,95.9849,0.0,32.6513,0.0,0.0,48.4855,15.1057,0.0,31.2359,0.0,106.1666,1.0,1.0,0.0,1.0,0.0,0.0,1.0,1.0,0.0,1.0,0.0,1.0,1
673.25,3.7094,1.0287,4.7742,2.476,4.5,4.9291,2.2314,2.9752,34.8396,25.8819,91.9531,25.9369,86.2863,24.5957,110.0401,24.4808,70.2908,28.9237,28.0238,96.5246,96.5436,0.0,32.5876,0.0,0.0,48.419,15.1057,0.0,31.2664,0.0,103.155,1.0,1.0,0.0,1.0,0.0,0.0,1.0,1.0,0.0,1.0,0.0,1.0,1
673.5,3.6572,1.0875,4.9109,2.6176,4.5,4.9895,2.3225,2.9752,34.8203,25.9269,92.0522,25.9818,86.399,24.6484,110.0927,24.5336,70.4274,28.9641,28.0641,96.5605,96.5795,0.0,32.5533,0.0,0.0,48.3824,15.1057,0.0,31.2417,0.0,102.6404,1.0,1.0,0.0,1.0,0.0,0.0,1.0,1.0,0.0,1.0,0.0,1.0,1
673.75,3.6058,1.1451,5.0473,2.759,4.5,5.05,2.4129,2.9752,34.8013,25.9712,92.1509,26.0259,86.5113,24.7016,110.1458,24.587,70.5636,29.0038,28.1038,96.596,96.615,0.0,32.5188,0.0,0.0,48.3456,15.1057,0.0,31.2174,0.0,102.1315,1.0,1.0,0.0,1.0,0.0,0.0,1.0,1.0,0.0,1.0,0.0,1.0,1
674.0,3.5551,1.2016,5.1835,2.9,4.5,5.1105,2.5027,2.9758,35.4989,26.1259,91.1985,26.1845,86.7789,23.5096,104.4864,23.3967,70.2137,29.1968,28.2968,95.2932,95.3118,0.0,33.2131,0.0,0.0,48.2866,20.6967,0.0,30.9686,0.0,105.9365,1.0,1.0,0.0,1.0,0.0,0.0,1.0,1.0,0.0,1.0,0.0,1.0,1
674.25,3.5356,1.2663,5.3114,3.0462,4.5,5.1818,2.6367,2.9759,35.6018,27.8249,74.9105,27.7862,87.3619,23.553,104.5296,23.4401,70.3349,30.4603,29.5603,95.1005,95.119,0.0,0.0,0.0,0.0,48.8332,20.6967,0.0,30.9455,0.0,97.8302,1.0,1.0,0.0,0.0,0.0,0.0,1.0,1.0,0.0,1.0,0.0,1.0,1
674.5,3.5251,1.3964,5.2375,3.1971,4.5,5.2534,2.7701,2.9759,35.6042,27.9155,74.8365,27.8768,87.4947,23.5968,104.5734,23.4842,70.4557,30.5464,29.6464,95.0961,95.1146,0.0,0.0,0.0,0.0,48.8108,20.6967,0.0,30.9226,0.0,97.2009,1.0,1.0,0.0,0.0,0.0,0.0,1.0,1.0,0.0,1.0,0.0,1.0,1
674.75,3.5154,1.5248,5.1635,3.3478,4.5,5.3252,2.9026,2.9759,35.6068,28.0053,74.7626,27.9666,87.6271,23.6881,104.6599,23.5838,74.6744,30.6317,29.7317,95.0911,95.1097,0.0,0.0,0.0,0.0,48.7881,20.6967,0.0,29.6578,0.0,96.5774,1.0,1.0,0.0,0.0,0.0,0.0,1.0,1.0,0.0,1.0,0.0,1.0,1
675.0,3.5066,1.6513,5.0895,3.4982,4.5,5.3972,3.0341,2.9762,35.9071,28.2005,76.2974,28.1624,88.6457,23.5477,104.7538,23.441,73.3465,30.8279,29.9279,94.52799999999999,94.5464,0.0,0.0,0.0,0.0,48.3467,20.4481,0.0,30.0294,0.0,97.1498,1.0,1.0,0.0,0.0,0.0,0.0,1.0,1.0,0.0,1.0,0.0,1.0,1
675.25,3.5128,1.7808,5.038,3.6827,4.5,5.4855,3.2438,2.9762,35.9191,28.296,76.2459,28.25800000000001,88.8026,23.5675,104.7734,23.4611,73.4857,30.9193,30.0193,94.5054,94.5238,0.0,0.0,0.0,0.0,48.3136,20.4481,0.0,29.9923,0.0,96.5918,1.0,1.0,0.0,0.0,0.0,0.0,1.0,1.0,0.0,1.0,0.0,1.0,1
675.5,3.5209,1.9088,4.9864,3.8668,4.5,5.5,3.5276,2.9762,35.9384,28.3944,76.1943,28.3564,88.9601,23.5876,104.7933,23.4813,73.6244,31.0141,30.1141,94.4692,94.4876,0.0,0.0,0.0,0.0,48.2817,20.4481,0.0,29.9554,0.0,96.0968,1.0,1.0,0.0,0.0,0.0,0.0,1.0,1.0,0.0,1.0,0.0,1.0,1
675.75,3.5299,2.0357,4.9348,4.0507,4.5,5.5,3.8249,2.9762,35.9524,28.4894,76.1427,28.4514,89.1163,23.6078,104.8135,23.5019,73.7624,31.1052,30.2052,94.443,94.4613,0.0,0.0,0.0,0.0,48.2485,20.4481,0.0,29.9187,0.0,95.5614,1.0,1.0,0.0,0.0,0.0,0.0,1.0,1.0,0.0,1.0,0.0,1.0,1
676.0,3.5394,2.1613,4.8833,4.2343,4.5,5.5,4.121,2.9764,36.1275,28.6597,76.2511,28.6224,90.0602,28.0413,107.4833,28.0413,57.8489,31.2743,30.3743,94.1138,94.1321,0.0,0.0,0.0,0.0,47.8265,22.1941,0.0,0.0,0.0,95.7948,1.0,1.0,0.0,0.0,0.0,0.0,1.0,1.0,0.0,0.0,0.0,1.0,1
676.25,3.5603,2.2886,4.8344,4.4459,4.5,5.5,4.5262,2.9764,36.1494,28.7594,76.2023,28.7221,90.236,28.070999999999998,107.51299999999999,28.070999999999998,57.4867,31.3705,30.4705,94.0726,94.0909,0.0,0.0,0.0,0.0,47.7847,22.1941,0.0,0.0,0.0,95.3184,1.0,1.0,0.0,0.0,0.0,0.0,1.0,1.0,0.0,0.0,0.0,1.0,1
676.5,3.5874,2.4414,4.7855,4.5274,4.5,5.5,4.9296,2.9771,36.9207,31.9035,76.1534,31.9035,69.62,28.1007,107.5426,28.1007,57.126999999999995,34.2564,33.3564,92.618,92.6359,0.0,0.0,0.0,0.0,0.0,22.1941,0.0,0.0,0.0,81.5755,1.0,1.0,0.0,0.0,0.0,0.0,0.0,1.0,0.0,0.0,0.0,1.0,1
676.75,3.6555,2.6578,4.7367,4.3345,4.5,5.4597,4.7337,2.9771,36.9762,32.0611,76.1045,32.0611,69.4272,28.1303,107.5723,28.1303,56.7668,34.4106,33.5106,92.51299999999999,92.5308,0.0,0.0,0.0,0.0,0.0,22.1941,0.0,0.0,0.0,80.9932,1.0,1.0,0.0,0.0,0.0,0.0,0.0,1.0,0.0,0.0,0.0,1.0,1
677.0,3.7241,2.8728,4.6878,4.1416,4.5,5.4174,4.5405,2.9769,36.7653,32.0681,75.3318,32.0681,69.8314,28.2585,106.5547,28.2585,54.9388,34.4053,33.5053,92.9117,92.9296,0.0,0.0,0.0,0.0,0.0,23.2846,0.0,0.0,0.0,78.9049,1.0,1.0,0.0,0.0,0.0,0.0,0.0,1.0,0.0,0.0,0.0,1.0,1
677.25,3.7837,3.0822,4.6276,3.9763,4.5,5.3553,4.2515,2.977,36.816,32.2184,75.2715,32.2184,69.666,28.2965,106.5927,28.2965,54.5248,34.5521,33.6521,92.8159,92.8338,0.0,0.0,0.0,0.0,0.0,23.2846,0.0,0.0,0.0,78.3026,1.0,1.0,0.0,0.0,0.0,0.0,0.0,1.0,0.0,0.0,0.0,1.0,1
677.5,3.8438,3.29,4.5673,3.8109,4.5,5.2912,3.9652,2.977,36.867,32.368,75.2113,32.368,69.5006,22.8044,101.1674,22.6862,66.8767,34.6983,33.7983,92.7196,92.7374,0.0,0.0,0.0,0.0,0.0,23.2846,0.0,31.7369,0.0,77.7058,1.0,1.0,0.0,0.0,0.0,0.0,0.0,1.0,0.0,1.0,0.0,1.0,1
677.75,3.9044,3.4962,4.5071,3.6456,4.5,5.2252,3.6815,2.9771,36.9181,32.5169,75.1511,32.5169,69.3353,22.8113,101.1743,22.6931,66.8878,34.8438,33.9438,92.6229,92.6407,0.0,0.0,0.0,0.0,0.0,23.2846,0.0,31.7357,0.0,77.1141,1.0,1.0,0.0,0.0,0.0,0.0,0.0,1.0,0.0,1.0,0.0,1.0,1
678.0,3.9655,3.7008,4.4469,3.4802,4.5,5.1574,3.4004,2.9768,36.5757,32.4715,75.124,32.4715,66.8099,23.1316,102.9934,23.0155,68.2238,34.7837,33.8837,93.2697,93.2877,0.0,0.0,0.0,0.0,0.0,21.8444,0.0,31.4423,0.0,74.4867,1.0,1.0,0.0,0.0,0.0,0.0,0.0,1.0,0.0,1.0,0.0,1.0,1
678.25,4.0167,3.8985,4.3871,3.2207,4.5,5.0784,3.0664,2.9768,36.6212,32.611999999999995,75.0642,32.611999999999995,66.5505,23.1221,102.9837,23.0061,68.2967,34.9208,34.0208,93.1838,93.2018,0.0,0.0,0.0,0.0,0.0,21.8444,0.0,31.4184,0.0,73.8743,1.0,1.0,0.0,0.0,0.0,0.0,0.0,1.0,0.0,1.0,0.0,1.0,1
678.5,4.0685,4.0943,4.3274,2.9612,4.5,4.9973,2.7352,2.9765,36.2701,30.0681,75.0045,30.0281,88.0321,23.1256,102.9871,23.0097,68.3713,32.65,31.75,93.8455,93.8637,0.0,0.0,0.0,0.0,49.6581,21.8444,0.0,31.3977,0.0,89.0094,1.0,1.0,0.0,0.0,0.0,0.0,1.0,1.0,0.0,1.0,0.0,1.0,1
678.75,4.1042,4.1986,4.2676,3.1217,4.5,4.9143,2.4067,2.9763,36.0822,30.0549,74.9447,30.015,88.1406,23.1288,102.9903,23.0131,68.4455,32.6218,31.7218,94.1989,94.2172,0.0,0.0,0.0,0.0,49.5949,21.8444,0.0,31.377,0.0,86.7268,1.0,1.0,0.0,0.0,0.0,0.0,1.0,1.0,0.0,1.0,0.0,1.0,1
679.0,4.1058,4.2971,4.2079,3.2816,4.5,4.9941,2.5757,2.9762,35.9372,30.0705,74.1126,30.0299,87.2021,23.2387,103.0761,23.1213,67.7034,32.6341,31.7341,94.4714,94.4898,0.0,0.0,0.0,0.0,50.0857,21.8694,0.0,31.624000000000002,0.0,85.6544,1.0,1.0,0.0,0.0,0.0,0.0,1.0,1.0,0.0,1.0,0.0,1.0,1
679.25,4.1003,4.3915,4.1377,3.3960000000000004,4.5,5.0632,2.6911,2.9762,35.9407,30.1402,74.0424,30.0996,87.3038,23.2469,103.0842,23.1295,67.7394,32.7005,31.8005,94.4648,94.4832,0.0,0.0,0.0,0.0,50.0694,21.8694,0.0,31.616,0.0,85.1388,1.0,1.0,0.0,0.0,0.0,0.0,1.0,1.0,0.0,1.0,0.0,1.0,1
679.5,4.0954,4.4845,4.0675,3.5102,4.5,5.1325,2.8058,2.9762,35.9445,30.2092,73.9722,30.1686,87.4051,23.2549,103.0922,23.1376,67.7754,32.7662,31.8662,94.4576,94.476,0.0,0.0,0.0,0.0,50.0529,21.8694,0.0,31.6079,0.0,84.6305,1.0,1.0,0.0,0.0,0.0,0.0,1.0,1.0,0.0,1.0,0.0,1.0,1
679.75,4.091,4.5762,3.9973,3.6242,4.5,5.2019,2.9198,2.9762,35.9486,30.2775,73.902,30.237,87.5062,23.2627,103.1,23.1455,67.8113,32.8313,31.9313,94.45,94.4684,0.0,0.0,0.0,0.0,50.0361,21.8694,0.0,31.5998,0.0,84.1281,1.0,1.0,0.0,0.0,0.0,0.0,1.0,1.0,0.0,1.0,0.0,1.0,1
680.0,4.0874,4.6664,3.9272,3.7381,4.5,5.2715,3.033,2.9758,35.5287,30.19400000000001,74.1114,30.1519,85.3282,22.9992,102.43299999999999,22.8846,68.8824,32.7396,31.8396,95.2375,95.2561,0.0,0.0,0.0,0.0,51.0891,22.2655,0.0,31.2112,0.0,81.5615,1.0,1.0,0.0,0.0,0.0,0.0,1.0,1.0,0.0,1.0,0.0,1.0,1
680.25,4.0606,4.7473,3.8606,3.7143,4.5,5.309,3.0039999999999996,2.9758,35.5227,30.2497,74.0448,30.2075,85.3234,22.9943,102.4279,22.8798,68.9644,32.7923,31.8923,95.2486,95.2673,0.0,0.0,0.0,0.0,51.119,22.2655,0.0,31.1856,0.0,81.0167,1.0,1.0,0.0,0.0,0.0,0.0,1.0,1.0,0.0,1.0,0.0,1.0,1
680.5,4.0345,4.8267,3.7939999999999996,3.6908,4.5,5.346,2.9757,2.9758,35.5169,30.3046,73.9783,30.2624,85.3186,23.1814,102.6116,23.0731,72.2037,32.8442,31.9442,95.2594,95.27799999999999,0.0,0.0,0.0,0.0,51.1485,22.2655,0.0,30.2689,0.0,80.4786,1.0,1.0,0.0,0.0,0.0,0.0,1.0,1.0,0.0,1.0,0.0,1.0,1
680.75,4.0091,4.9045,3.7274,3.6675,4.5,5.3825,2.948,2.9758,35.5114,30.3587,73.9117,30.3164,85.3138,23.1805,102.6105,23.0725,72.3385,32.8953,31.9953,95.2698,95.2884,0.0,0.0,0.0,0.0,51.1775,22.2655,0.0,30.2273,0.0,79.9474,1.0,1.0,0.0,0.0,0.0,0.0,1.0,1.0,0.0,1.0,0.0,1.0,1
681.0,3.9844,4.9805,3.6609,3.6445,4.5,5.4183,2.9211,2.9759,35.6314,30.4327,69.2885,30.3902,85.1427,22.6307,98.8491,22.5198,70.3575,32.9707,32.0707,95.0451,95.0636,0.0,0.0,0.0,0.0,51.2982,25.1784,0.0,30.6627,0.0,80.0401,1.0,1.0,0.0,0.0,0.0,0.0,1.0,1.0,0.0,1.0,0.0,1.0,1
681.25,3.9618,5.0568,3.5476,3.6057,4.5,5.4555,2.9034,2.9759,35.6271,30.4861,69.1752,30.4436,85.1261,22.6328,98.8512,22.5221,70.4245,33.0214,32.1214,95.0531,95.0717,0.0,0.0,0.0,0.0,51.3326,25.1784,0.0,30.6432,0.0,79.5271,1.0,1.0,0.0,0.0,0.0,0.0,1.0,1.0,0.0,1.0,0.0,1.0,1
681.5,3.9398,5.1316,3.4343,3.5672,4.5,5.4923,2.8862,2.9759,35.62300000000001,30.5387,69.0619,30.4961,85.109,22.6347,98.853,22.5241,70.4912,33.0713,32.1713,95.0607,95.0793,0.0,0.0,0.0,0.0,51.3668,25.1784,0.0,30.6236,0.0,79.021,1.0,1.0,0.0,0.0,0.0,0.0,1.0,1.0,0.0,1.0,0.0,1.0,1
681.75,3.9188,5.2048,3.3209,3.5291,4.5,5.5,2.9012,2.9759,35.6219,30.5915,68.9486,30.5489,85.0921,22.6365,98.8547,22.5259,70.5574,33.1216,32.2216,95.0629,95.0814,0.0,0.0,0.0,0.0,51.4009,25.1784,0.0,30.6042,0.0,78.5509,1.0,1.0,0.0,0.0,0.0,0.0,1.0,1.0,0.0,1.0,0.0,1.0,1
682.0,3.8985,5.2768,3.2076,3.4912,4.5,5.5,2.9247,2.9758,35.4369,30.6084,69.7567,30.5659,85.2799,23.671999999999997,105.4714,23.559,70.3743,33.1292,32.2292,95.4093,95.428,0.0,0.0,0.0,0.0,51.3171,19.8022,0.0,30.9692,0.0,77.0293,1.0,1.0,0.0,0.0,0.0,0.0,1.0,1.0,0.0,1.0,0.0,1.0,1
682.25,3.8733,5.345,3.1023,3.4731,4.5,5.5,3.0072,2.9758,35.4313,30.6567,69.6514,30.6141,85.2777,23.6766,105.476,23.5638,70.4261,33.1748,32.2748,95.4198,95.4385,0.0,0.0,0.0,0.0,51.3419,19.8022,0.0,30.9552,0.0,76.5294,1.0,1.0,0.0,0.0,0.0,0.0,1.0,1.0,0.0,1.0,0.0,1.0,1
682.5,3.8487,5.4118,2.997,3.4552,4.5,5.5,3.0893,2.9757,35.3581,29.7056,88.4492,29.7807,85.064,23.6811,105.4804,23.5683,70.4776,32.6923,31.7923,95.5567,95.5753,0.0,36.8984,0.0,0.0,51.0362,19.8022,0.0,30.9412,0.0,79.8267,1.0,1.0,0.0,1.0,0.0,0.0,1.0,1.0,0.0,1.0,0.0,1.0,1
682.75,3.8206,5.3903,3.116,3.4346,4.5,5.5,3.1706,2.9757,35.3425,29.6852,88.5182,29.76,85.0434,23.6854,105.4847,23.5727,70.5289,32.6709,31.7709,95.5858,95.6045,0.0,36.8493,0.0,0.0,51.0361,19.8022,0.0,30.9272,0.0,79.7956,1.0,1.0,0.0,1.0,0.0,0.0,1.0,1.0,0.0,1.0,0.0,1.0,1
683.0,3.7927,5.3688,3.2347,3.4141,4.5,5.5,3.2515,2.9756,35.2478,29.6708,88.6161,29.7461,86.0041,23.368000000000002,103.4992,23.2542,69.6485,32.6472,31.7472,95.76299999999999,95.7817,0.0,36.7875,0.0,0.0,50.5493,21.5726,0.0,31.0941,0.0,79.2989,1.0,1.0,0.0,1.0,0.0,0.0,1.0,1.0,0.0,1.0,0.0,1.0,1
683.25,3.7645,5.3475,3.3533,3.4641,4.5,5.5,3.3911,2.9756,35.2323,29.6512,88.6851,29.7262,86.0357,23.3778,103.509,23.264,69.6624,32.6263,31.7263,95.7919,95.8107,0.0,36.7387,0.0,0.0,50.5234,21.5726,0.0,31.0929,0.0,79.2647,1.0,1.0,0.0,1.0,0.0,0.0,1.0,1.0,0.0,1.0,0.0,1.0,1
683.5,3.7365,5.3263,3.4715,3.5139,4.5,5.5,3.5298,2.9756,35.2169,29.6317,88.7539,29.7064,86.0671,23.3878,103.51899999999999,23.2741,69.6764,32.6054,31.7054,95.8206,95.8394,0.0,36.6898,0.0,0.0,50.4975,21.5726,0.0,31.0917,0.0,79.2307,1.0,1.0,0.0,1.0,0.0,0.0,1.0,1.0,0.0,1.0,0.0,1.0,1
683.75,3.7086,5.3052,3.5895,3.5634,4.5,5.5,3.6677,2.9756,35.2016,29.6122,88.8226,29.6868,86.0984,23.3981,103.5293,23.2844,69.6904,32.5847,31.6847,95.8492,95.868,0.0,36.6411,0.0,0.0,50.4719,21.5726,0.0,31.0906,0.0,79.1969,1.0,1.0,0.0,1.0,0.0,0.0,1.0,1.0,0.0,1.0,0.0,1.0,1
684.0,3.6809,5.2842,3.7072,3.6127,4.5,5.5,3.8049,2.9757,35.3086,29.6447,91.4701,29.711,86.4819,23.7537,104.37899999999999,23.6467,73.3696,32.5936,31.6936,95.6492,95.6679,0.0,35.1594,0.0,0.0,50.29,21.0622,0.0,30.0861,0.0,79.7279,1.0,1.0,0.0,1.0,0.0,0.0,1.0,1.0,0.0,1.0,0.0,1.0,1
684.25,3.6549,5.269,3.8446,3.6815,4.5,5.5,4.0137,2.9756,35.295,29.631,91.5482,29.697,86.5283,23.7757,104.4008,23.6689,73.5161,32.5784,31.6784,95.6747,95.6934,0.0,35.1062,0.0,0.0,50.2594,21.0622,0.0,30.0475,0.0,79.669,1.0,1.0,0.0,1.0,0.0,0.0,1.0,1.0,0.0,1.0,0.0,1.0,1
684.5,3.6289999999999996,5.2539,3.9816,3.75,4.5,5.5,4.2214,2.9756,35.2814,29.6174,91.6261,29.6831,86.5746,23.7978,104.4228,23.6913,73.6621,32.5632,31.6632,95.7001,95.7188,0.0,35.0529,0.0,0.0,50.2288,21.0622,0.0,30.0091,0.0,79.6106,1.0,1.0,0.0,1.0,0.0,0.0,1.0,1.0,0.0,1.0,0.0,1.0,1
684.75,3.6034,5.2388,4.1183,3.8183,4.5,5.5,4.428,2.9756,35.2679,29.6038,91.7039,29.6693,86.6206,23.8202,104.4451,23.7139,73.8075,32.5481,31.6481,95.7252,95.744,0.0,34.9997,0.0,0.0,50.1984,21.0622,0.0,29.9709,0.0,79.5529,1.0,1.0,0.0,1.0,0.0,0.0,1.0,1.0,0.0,1.0,0.0,1.0,1
685.0,3.5780000000000003,5.2238,4.2546,3.8863,4.5,5.5,4.6334,2.9758,35.5064,29.5728,89.5449,29.645,86.2402,22.8852,100.3402,22.7734,70.1621,32.5512,31.6512,95.2792,95.2978,0.0,36.2167,0.0,0.0,50.3791,24.1057,0.0,30.7978,0.0,81.5718,1.0,1.0,0.0,1.0,0.0,0.0,1.0,1.0,0.0,1.0,0.0,1.0,1
685.25,3.5728,5.2105,4.3734,3.9293,4.5,5.5,4.7712,2.9758,35.5027,29.5616,89.6165,29.6336,86.2689,22.8878,100.3428,22.776,70.1674,32.5393,31.6393,95.2861,95.3047,0.0,36.1702,0.0,0.0,50.3588,24.1057,0.0,30.796999999999997,0.0,81.6242,1.0,1.0,0.0,1.0,0.0,0.0,1.0,1.0,0.0,1.0,0.0,1.0,1
685.5,3.5938,5.2015,4.4918,3.9722,4.5,5.4297,4.4551,2.9760000000000004,35.6654,29.5695,89.6949,29.6412,86.3025,22.8907,100.3456,22.7789,70.1728,32.559,31.659000000000002,94.9813,94.9998,0.0,36.1306,0.0,0.0,50.3456,24.1057,0.0,30.7963,0.0,83.7202,1.0,1.0,0.0,1.0,0.0,0.0,1.0,1.0,0.0,1.0,0.0,1.0,1
685.75,3.6215,5.1942,4.61,4.0149,4.5,5.3389,4.0208,2.9760000000000004,35.6773,29.5646,89.7685,29.6361,86.3327,22.8939,100.3488,22.7821,70.1782,32.5544,31.6544,94.9591,94.9776,0.0,36.0864,0.0,0.0,50.3277,24.1057,0.0,30.7956,0.0,83.9234,1.0,1.0,0.0,1.0,0.0,0.0,1.0,1.0,0.0,1.0,0.0,1.0,1
686.0,3.6489999999999996,5.1876,4.728,4.0575,4.5,5.246,3.5895,2.9759,35.5752,29.5774,91.2504,29.6448,87.2083,21.9334,95.7086,21.8221,69.4546,32.5415,31.6415,95.1504,95.169,0.0,35.2477,0.0,0.0,49.8852,27.1576,0.0,30.7246,0.0,82.7827,1.0,1.0,0.0,1.0,0.0,0.0,1.0,1.0,0.0,1.0,0.0,1.0,1
686.25,3.6616,5.1814,4.8568,4.1468,4.5,5.141,3.1067,2.9759,35.5806,29.5733,91.3285,29.6404,87.2716,21.9182,95.6935,21.8069,69.4253,32.537,31.636999999999997,95.1402,95.1587,0.0,35.2002,0.0,0.0,49.8504,27.1576,0.0,30.7288,0.0,82.8981,1.0,1.0,0.0,1.0,0.0,0.0,1.0,1.0,0.0,1.0,0.0,1.0,1
686.5,3.674,5.1757,4.9854,4.2359,4.5,5.0338,2.6268,2.9759,35.5861,29.5696,91.4066,29.6365,87.3348,21.9033,95.6786,21.7919,69.3962,32.5328,31.6328,95.13,95.1485,0.0,35.1527,0.0,0.0,49.8159,27.1576,0.0,30.7331,0.0,83.0098,1.0,1.0,0.0,1.0,0.0,0.0,1.0,1.0,0.0,1.0,0.0,1.0,1
686.75,3.6862,5.1706,5.1136,4.3247,4.5,4.9242,2.1502,2.9758,35.4673,29.5581,91.4816,29.6248,87.3956,21.8887,95.664,21.7773,69.3673,32.5112,31.6112,95.3524,95.37100000000001,0.0,35.1024,0.0,0.0,49.7785,27.1576,0.0,30.7374,0.0,81.5371,1.0,1.0,0.0,1.0,0.0,0.0,1.0,1.0,0.0,1.0,0.0,1.0,1
687.0,3.6635,5.1617,5.2415,4.4131,4.5,4.9695,2.1778,2.9759,35.6237,29.5566,91.3236,29.624000000000002,87.6997,23.1724,96.8954,23.0582,69.2565,32.5168,31.6168,95.0594,95.0779,0.0,35.1933,0.0,0.0,49.6209,27.1994,0.0,31.1521,0.0,82.7565,1.0,1.0,0.0,1.0,0.0,0.0,1.0,1.0,0.0,1.0,0.0,1.0,1
687.25,3.6546,5.1789,5.3389999999999995,4.4578,4.5,5.0264,2.2535,2.9762,35.9351,32.8834,73.6762,32.8834,65.8273,23.2246,96.9477,23.1103,69.2287,35.1328,34.2328,94.4754,94.4938,0.0,0.0,0.0,0.0,0.0,27.1994,0.0,31.1756,0.0,62.2521,1.0,1.0,0.0,0.0,0.0,0.0,0.0,1.0,0.0,1.0,0.0,1.0,1
687.5,3.6654,5.3441,5.2509,4.1383,4.5,5.0835,2.3292,2.9762,35.9557,32.9884,73.5881,32.9884,65.5078,23.2767,96.9999,23.1622,69.2014,35.2343,34.3343,94.4366,94.455,0.0,0.0,0.0,0.0,0.0,27.1994,0.0,31.199,0.0,61.5,1.0,1.0,0.0,0.0,0.0,0.0,0.0,1.0,0.0,1.0,0.0,1.0,1
687.75,3.677,5.5072,5.1628,3.8187,4.5,5.1406,2.4047,2.9762,35.9769,33.0927,73.5,33.0927,65.1882,23.3287,97.052,23.2141,69.1744,35.3351,34.4351,94.3968,94.4151,0.0,0.0,0.0,0.0,0.0,27.1994,0.0,31.2222,0.0,60.7571,1.0,1.0,0.0,0.0,0.0,0.0,0.0,1.0,0.0,1.0,0.0,1.0,1
688.0,3.6894,5.6684,5.0747,3.4992,4.5,5.1978,2.4798,2.9761,35.8586,33.135999999999996,72.9492,33.135999999999996,62.3667,22.6795,95.8308,22.5648,68.5284,35.3714,34.4714,94.619,94.6374,0.0,0.0,0.0,0.0,0.0,27.6384,0.0,31.2212,0.0,59.2444,1.0,1.0,0.0,0.0,0.0,0.0,0.0,1.0,0.0,1.0,0.0,1.0,1
688.25,3.6938,5.8256,4.9819,3.1149,4.5,5.2555,2.5595,2.9762,35.8747,33.2335,72.8563,33.2335,61.9824,22.7151,95.8665,22.6002,68.4697,35.4653,34.5653,94.5888,94.6072,0.0,0.0,0.0,0.0,0.0,27.6384,0.0,31.2489,0.0,58.4654,1.0,1.0,0.0,0.0,0.0,0.0,0.0,1.0,0.0,1.0,0.0,1.0,1
688.5,3.7026,5.9,4.8891,2.9602,4.5,5.3134,2.6387,2.9763,35.9979,33.7776,72.7635,33.7337,86.6047,22.7506,95.9021,22.6355,68.4114,36.1833,35.2833,94.3574,94.3758,0.0,0.0,0.0,0.0,52.2103,27.6384,0.0,31.2764,0.0,52.2103,1.0,1.0,0.0,0.0,0.0,0.0,1.0,1.0,0.0,1.0,0.0,1.0,1
688.75,3.7147,5.9,4.7963,3.0174,4.5,5.3713,2.7177,2.9763,36.0052,33.7908,72.6707,33.7469,86.6504,22.785999999999998,95.9377,22.6708,68.3537,36.1963,35.2963,94.3436,94.36200000000001,0.0,0.0,0.0,0.0,52.1948,27.6384,0.0,31.3036,0.0,52.1947,1.0,1.0,0.0,0.0,0.0,0.0,1.0,1.0,0.0,1.0,0.0,1.0,1
689.0,3.7267,5.9,4.7035,3.0745,4.5,5.4292,2.7963,2.9764,36.131,33.9574,73.0608,33.9137,87.132,23.7129,96.62899999999999,23.5987,69.7619,36.3612,35.4612,94.1072,94.1255,0.0,0.0,0.0,0.0,52.0439,27.8166,0.0,31.1624,0.0,52.0438,1.0,1.0,0.0,0.0,0.0,0.0,1.0,1.0,0.0,1.0,0.0,1.0,1
689.25,3.7474,5.9,4.6156,3.1531,4.5,5.4833,2.8534,2.9764,36.1433,33.9789,72.973,33.9353,87.1954,23.7731,96.6892,23.6587,69.7809,36.3825,35.4825,94.084,94.1023,0.0,0.0,0.0,0.0,52.0238,27.8166,0.0,31.1745,0.0,52.0237,1.0,1.0,0.0,0.0,0.0,0.0,1.0,1.0,0.0,1.0,0.0,1.0,1
689.5,3.7685,5.9,4.5277,3.2316,4.5,5.5,2.9504,2.9764,36.1621,34.0106,72.8851,33.967,87.2613,23.8331,96.7493,23.7186,69.8001,36.414,35.514,94.0487,94.0669,0.0,0.0,0.0,0.0,52.0073,27.8166,0.0,31.1865,0.0,52.0073,1.0,1.0,0.0,0.0,0.0,0.0,1.0,1.0,0.0,1.0,0.0,1.0,1
689.75,3.7899,5.9,4.4398,3.3099,4.5,5.5,3.065,2.9764,36.175,34.0329,72.7972,33.9893,87.3246,23.893,96.8092,23.7784,69.8195,36.4361,35.5361,94.0245,94.0428,0.0,0.0,0.0,0.0,51.9876,27.8166,0.0,31.1984,0.0,51.9875,1.0,1.0,0.0,0.0,0.0,0.0,1.0,1.0,0.0,1.0,0.0,1.0,1
690.0,3.8113,5.9,4.3519,3.388,4.5,5.5,3.1793,2.9762,35.9645,33.8271,72.9355,33.7834,86.9351,23.7796,99.1806,23.6643,69.3178,36.2313,35.3313,94.4201,94.4385,0.0,0.0,0.0,0.0,52.0758,25.862,0.0,31.3123,0.0,52.0758,1.0,1.0,0.0,0.0,0.0,0.0,1.0,1.0,0.0,1.0,0.0,1.0,1
690.25,3.8242,5.9,4.2664,3.4442,4.5,5.5,3.2732,2.9762,35.9724,33.8411,72.85,33.7974,86.9803,23.8256,99.2266,23.7102,69.3099,36.2451,35.3451,94.4054,94.4237,0.0,0.0,0.0,0.0,52.0609,25.862,0.0,31.328000000000003,0.0,52.0608,1.0,1.0,0.0,0.0,0.0,0.0,1.0,1.0,0.0,1.0,0.0,1.0,1
690.5,3.8371,5.9,4.1809,3.5002,4.5,5.5,3.3667,2.9762,35.9802,33.855,72.7645,33.8114,87.0253,23.8714,99.2725,23.7559,69.3022,36.2589,35.3589,94.3906,94.4089,0.0,0.0,0.0,0.0,52.0459,25.862,0.0,31.3437,0.0,52.0459,1.0,1.0,0.0,0.0,0.0,0.0,1.0,1.0,0.0,1.0,0.0,1.0,1
690.75,3.85,5.9,4.0955,3.5561,4.5,5.5,3.4599,2.9763,35.9881,33.869,72.679,33.8253,87.0703,23.9172,99.3184,23.8016,69.2948,36.2727,35.3727,94.3758,94.3942,0.0,0.0,0.0,0.0,52.0311,25.862,0.0,31.3592,0.0,52.03100000000001,1.0,1.0,0.0,0.0,0.0,0.0,1.0,1.0,0.0,1.0,0.0,1.0,1
691.0,3.8629,5.9,4.01,3.6119,4.5,5.5,3.5526,2.9759,35.5462,33.486,72.1077,33.4426,86.9482,25.3718,104.6517,25.2557,70.5349,35.8883,34.9883,95.2046,95.2232,0.0,0.0,0.0,0.0,51.9055,22.4156,0.0,31.4217,0.0,51.9054,1.0,1.0,0.0,0.0,0.0,0.0,1.0,1.0,0.0,1.0,0.0,1.0,1
691.25,3.8507,5.9,3.9194,3.6627,4.5,5.5,3.5969,2.9759,35.5395,33.4773,72.0171,33.4339,86.9835,25.4365,104.7164,25.3204,70.5828,35.8793,34.9793,95.2172,95.2358,0.0,0.0,0.0,0.0,51.8843,22.4156,0.0,31.4266,0.0,51.8842,1.0,1.0,0.0,0.0,0.0,0.0,1.0,1.0,0.0,1.0,0.0,1.0,1
691.5,3.8386,5.9,3.8288,3.7133,4.5,5.5,3.6408,2.9759,35.5328,33.4686,71.9266,33.4252,87.0188,25.5011,104.781,25.385,70.6308,35.8704,34.9704,95.2297,95.2483,0.0,0.0,0.0,0.0,51.8631,22.4156,0.0,31.4314,0.0,51.863,1.0,1.0,0.0,0.0,0.0,0.0,1.0,1.0,0.0,1.0,0.0,1.0,1
691.75,3.8266,5.9,3.7383,3.7637,4.5,5.5,3.6845,2.9758,35.5262,33.4599,71.836,33.4166,87.0538,25.5655,104.8455,25.4494,70.6788,35.8615,34.9615,95.2421,95.2607,0.0,0.0,0.0,0.0,51.8419,22.4156,0.0,31.4362,0.0,51.8419,1.0,1.0,0.0,0.0,0.0,0.0,1.0,1.0,0.0,1.0,0.0,1.0,1
692.0,3.8147,5.9,3.6477,3.8139999999999996,4.5,5.5,3.7279,2.9759,35.5965,33.4836,70.4695,33.4397,86.2444,28.1857,113.7486,28.0682,72.6091,35.8897,34.9897,95.1104,95.12899999999999,0.0,0.0,0.0,0.0,52.242,14.9262,0.0,31.636,0.0,52.2419,1.0,1.0,0.0,0.0,0.0,0.0,1.0,1.0,0.0,1.0,0.0,1.0,1
692.25,3.8093,5.9,3.5449,3.8062,4.5,5.5,3.7815,2.9759,35.5934,33.4785,70.3667,33.4346,86.2373,28.2759,113.8387,28.1584,72.7226,35.8846,34.9846,95.1162,95.1348,0.0,0.0,0.0,0.0,52.243,14.9262,0.0,31.6292,0.0,52.2429,1.0,1.0,0.0,0.0,0.0,0.0,1.0,1.0,0.0,1.0,0.0,1.0,1
692.5,3.804,5.9,3.4419999999999997,3.7984,4.5,5.5,3.8349,2.9759,35.5903,33.4735,70.2638,33.4295,86.2302,28.3659,113.9287,28.2485,72.836,35.8796,34.9796,95.1221,95.1407,0.0,0.0,0.0,0.0,52.2439,14.9262,0.0,31.6225,0.0,52.2439,1.0,1.0,0.0,0.0,0.0,0.0,1.0,1.0,0.0,1.0,0.0,1.0,1
692.75,3.7987,5.9,3.3392,3.7906,4.5,5.5,3.888,2.9759,35.5872,33.4684,70.161,33.4245,86.223,28.4557,114.0185,28.3384,72.9492,35.8745,34.9745,95.1279,95.1465,0.0,0.0,0.0,0.0,52.2449,14.9262,0.0,31.6158,0.0,52.2449,1.0,1.0,0.0,0.0,0.0,0.0,1.0,1.0,0.0,1.0,0.0,1.0,1
693.0,3.7934,5.9,3.2363,3.7828,4.5,5.5,3.9408,2.9758,35.4258,33.2786,68.9644,33.234,85.2589,28.1622,113.3588,28.0507,75.5754,35.6888,34.7888,95.4299,95.4486,0.0,0.0,0.0,0.0,52.6124,15.4747,0.0,30.7571,0.0,52.6123,1.0,1.0,0.0,0.0,0.0,0.0,1.0,1.0,0.0,1.0,0.0,1.0,1
693.25,3.7782,5.9,3.1238,3.6742,4.5,5.5,3.903,2.9758,35.4163,33.2603,68.8519,33.2157,85.1693,33.4925,118.626,33.4925,59.5725,35.6709,34.7709,95.4478,95.4664,0.0,0.0,0.0,0.0,52.646,15.4747,0.0,0.0,0.0,52.6459,1.0,1.0,0.0,0.0,0.0,0.0,1.0,1.0,0.0,0.0,0.0,1.0,1
693.5,3.763,5.9,3.0114,3.5659,4.5,5.5,3.8653,2.9757,35.4068,33.242,68.7394,33.1973,85.0799,30.5381,115.6717,30.5381,59.2835,35.6529,34.7529,95.4656,95.4842,0.0,0.0,0.0,0.0,52.6795,15.4747,0.0,0.0,0.0,52.6794,1.0,1.0,0.0,0.0,0.0,0.0,1.0,1.0,0.0,0.0,0.0,1.0,1
693.75,3.7478,5.9,2.8989,3.4579,4.5,5.5,3.8278,2.9754,34.9992,30.045,87.8863,30.1222,84.3448,30.5453,115.6788,30.5453,58.9965,33.0119,32.1119,96.227,96.2459,0.0,37.39,0.0,0.0,51.5577,15.4747,0.0,0.0,0.0,73.8297,1.0,1.0,0.0,1.0,0.0,0.0,1.0,1.0,0.0,0.0,0.0,1.0,1
694.0,3.7097,5.8599,3.0137,3.3403,4.5,5.5,3.7888,2.9755,35.1518,30.0504,87.7334,30.1291,85.6275,30.8983,117.488,30.8983,59.8174,33.0184,32.1184,95.9421,95.961,0.0,37.4755,0.0,0.0,50.9293,13.1135,0.0,0.0,0.0,75.0326,1.0,1.0,0.0,1.0,0.0,0.0,1.0,1.0,0.0,0.0,0.0,1.0,1
694.25,3.6786,5.8244,3.1264,3.3651,4.5,5.5,3.6976,2.9755,35.1331,30.0182,87.7957,30.0967,85.6377,30.9226,117.5122,30.9226,59.5867,32.9853,32.0853,95.9771,95.9959,0.0,37.4245,0.0,0.0,50.9081,13.1135,0.0,0.0,0.0,75.062,1.0,1.0,0.0,1.0,0.0,0.0,1.0,1.0,0.0,0.0,0.0,1.0,1
694.5,3.6476,5.7892,3.2388,3.3896,4.5,5.5,3.6067,2.9755,35.1145,29.9862,87.85799999999998,30.0644,85.6478,31.4285,118.0182,31.4285,59.3563,32.9524,32.0524,96.0119,96.0308,0.0,37.3735,0.0,0.0,50.887,13.1135,0.0,0.0,0.0,75.0902,1.0,1.0,0.0,1.0,0.0,0.0,1.0,1.0,0.0,0.0,0.0,1.0,1
694.75,3.6167,5.7542,3.3508,3.4139999999999997,4.5,5.5,3.516,2.9755,35.0959,29.9545,87.9202,30.0324,85.6578,31.49,118.0797,31.49,59.1258,32.9197,32.0197,96.0467,96.0655,0.0,37.3227,0.0,0.0,50.8661,13.1135,0.0,0.0,0.0,75.1171,1.0,1.0,0.0,1.0,0.0,0.0,1.0,1.0,0.0,0.0,0.0,1.0,1
695.0,3.5857,5.7195,3.4625,3.4382,4.5,5.5,3.4257,2.9755,35.1352,29.9443,89.0011,30.0187,85.62700000000002,31.8627,119.3692,31.8627,59.4456,32.9,32.0,95.9733,95.9921,0.0,36.726,0.0,0.0,50.8746,11.3343,0.0,0.0,0.0,75.2244,1.0,1.0,0.0,1.0,0.0,0.0,1.0,1.0,0.0,0.0,0.0,1.0,1
695.25,3.5526,5.6867,3.5823,3.4591,4.5,5.5,3.5718,2.9755,35.1163,29.9142,89.0668,29.9884,85.635,27.6281,115.2013,27.5101,71.7851,32.8689,31.9689,96.0086,96.0274,0.0,36.6731,0.0,0.0,50.8555,11.3343,0.0,31.7126,0.0,75.2321,1.0,1.0,0.0,1.0,0.0,0.0,1.0,1.0,0.0,1.0,0.0,1.0,1
695.5,3.5195,5.6541,3.7018,3.4799,4.5,5.5,3.7172,2.9755,35.0974,29.8843,89.1324,29.9581,85.6428,27.6726,115.2456,27.5548,71.9648,32.8379,31.9379,96.0438,96.0626,0.0,36.6202,0.0,0.0,50.8365,11.3343,0.0,31.6738,0.0,75.2393,1.0,1.0,0.0,1.0,0.0,0.0,1.0,1.0,0.0,1.0,0.0,1.0,1
695.75,3.4866,5.6217,3.821,3.5005,4.5,5.5,3.8617,2.9755,35.0786,29.8546,89.1979,29.9281,85.6506,27.7179,115.2908,27.6004,72.1441,32.8071,31.9071,96.0788,96.0977,0.0,36.5674,0.0,0.0,50.8177,11.3343,0.0,31.6352,0.0,75.24600000000002,1.0,1.0,0.0,1.0,0.0,0.0,1.0,1.0,0.0,1.0,0.0,1.0,1
696.0,3.4538,5.5895,3.9399,3.5210000000000004,4.5,5.5,4.0054,2.9757,35.4025,29.8822,89.8011,29.9541,85.9068,26.4218,109.8982,26.3055,71.4382,32.8425,31.9425,95.4736,95.4923,0.0,36.2465,0.0,0.0,50.7025,17.8202,0.0,31.4644,0.0,77.7875,1.0,1.0,0.0,1.0,0.0,0.0,1.0,1.0,0.0,1.0,0.0,1.0,1
696.25,3.4405,5.5652,4.0628,3.5571,4.5,5.5,4.0614,2.9757,35.3937,29.8612,89.8711,29.9328,85.9281,26.3285,109.8046,26.2126,71.5686,32.8208,31.9208,95.49,95.5087,0.0,36.1956,0.0,0.0,50.6813,17.8202,0.0,31.3993,0.0,77.8567,1.0,1.0,0.0,1.0,0.0,0.0,1.0,1.0,0.0,1.0,0.0,1.0,1
696.5,3.4272,5.5412,4.1853,3.593,4.5,5.5,4.1172,2.9757,35.385,29.8405,89.941,29.9119,85.9492,26.337,109.8129,26.2213,71.7168,32.7994,31.8994,95.5064,95.5251,0.0,36.1447,0.0,0.0,50.6601,17.8202,0.0,31.3586,0.0,77.9236,1.0,1.0,0.0,1.0,0.0,0.0,1.0,1.0,0.0,1.0,0.0,1.0,1
696.75,3.4139,5.5177,4.3075,3.6288,4.5,5.5,4.1725,2.9757,35.3762,29.8201,90.0108,29.8912,85.9704,26.6257,110.096,26.52,76.9225,32.7782,31.8782,95.5227,95.5414,0.0,36.0939,0.0,0.0,50.6391,17.8202,0.0,29.8743,0.0,77.9882,1.0,1.0,0.0,1.0,0.0,0.0,1.0,1.0,0.0,1.0,0.0,1.0,1
697.0,3.4005,5.4945,4.4295,3.6643,4.5,5.5,4.2276,2.9759,35.6194,29.8558,90.8708,29.9258,88.1036,27.4603,114.1498,27.3534,77.1703,32.8034,31.9034,95.0675,95.0861,0.0,35.6262,0.0,0.0,49.5678,13.0427,0.0,30.0569,0.0,79.5316,1.0,1.0,0.0,1.0,0.0,0.0,1.0,1.0,0.0,1.0,0.0,1.0,1
697.25,3.4007,5.4794,4.5572,3.8062,4.5,5.5,4.4933,2.9759,35.6183,29.8443,90.946,29.9141,88.2003,27.4816,114.1709,27.3751,77.3929,32.791,31.891,95.0695,95.0881,0.0,35.5766,0.0,0.0,49.5115,13.0427,0.0,29.9945,0.0,79.6273,1.0,1.0,0.0,1.0,0.0,0.0,1.0,1.0,0.0,1.0,0.0,1.0,1
697.5,3.4008,5.4649,4.6847,3.9476,4.5,5.5,4.7576,2.9759,35.6173,29.8332,91.0212,29.9028,88.2968,27.5036,114.1926,27.3975,77.6147,32.7791,31.8791,95.0715,95.0901,0.0,35.5272,0.0,0.0,49.4554,13.0427,0.0,29.9323,0.0,79.7197,1.0,1.0,0.0,1.0,0.0,0.0,1.0,1.0,0.0,1.0,0.0,1.0,1
697.75,3.4271,5.4559,4.8119,4.0886,4.5,5.4453,4.5358,2.9761,35.8009,29.8447,91.1047,29.9141,88.3995,31.5616,118.1907,31.5616,60.4446,32.8036,31.9036,94.7272,94.7457,0.0,35.4858,0.0,0.0,49.4077,13.0427,0.0,0.0,0.0,82.1241,1.0,1.0,0.0,1.0,0.0,0.0,1.0,1.0,0.0,0.0,0.0,1.0,1
698.0,3.4583,5.4486,4.9388,4.2291,4.5,5.3784,4.2232,2.9761,35.8533,29.8657,92.7184,29.9306,89.3368,30.9074,112.7596,30.9074,58.856,32.8088,31.9088,94.62899999999999,94.6474,0.0,34.5573,0.0,0.0,48.9233,19.6715,0.0,0.0,0.0,82.8773,1.0,1.0,0.0,1.0,0.0,0.0,1.0,1.0,0.0,0.0,0.0,1.0,1
698.25,3.4943,5.447,5.077,4.4030000000000005,4.5,5.3008,3.8664,2.9761,35.8688,29.8659,92.8018,29.9307,89.4576,30.9428,112.7951,30.9428,58.5577,32.8089,31.9089,94.5998,94.6183,0.0,34.508,0.0,0.0,48.8592,19.6715,0.0,0.0,0.0,83.0935,1.0,1.0,0.0,1.0,0.0,0.0,1.0,1.0,0.0,0.0,0.0,1.0,1
698.5,3.53,5.4464,5.2149,4.5763,4.5,5.2207,3.513,2.9763,36.0738,31.4617,93.5192,31.5682,68.4722,30.9786,112.8308,30.9786,58.25899999999999,33.9817,33.0817,94.2148,94.2331,0.0,35.0245,0.0,0.0,0.0,19.6715,0.0,0.0,0.0,75.4813,1.0,1.0,0.0,1.0,0.0,0.0,0.0,1.0,0.0,0.0,0.0,1.0,1
698.75,3.5738,5.5536,5.3559,4.3365,4.5,5.1386,3.1623,2.9766,36.4126,33.4063,75.1268,33.4063,68.2324,31.3493,113.2016,31.3493,57.9603,35.6644,34.7644,93.5772,93.5953,0.0,0.0,0.0,0.0,0.0,19.6715,0.0,0.0,0.0,64.0705,1.0,1.0,0.0,0.0,0.0,0.0,0.0,1.0,0.0,0.0,0.0,1.0,1
699.0,3.6294,5.7236,5.284,4.0966,4.5,5.0551,2.8135,2.9772,37.0652,33.8251,75.892,33.8251,67.6194,30.276999999999997,109.2169,30.276999999999997,53.3761,36.0979,35.1979,92.3447,92.3624,0.0,0.0,0.0,0.0,0.0,22.6794,0.0,0.0,0.0,67.0297,1.0,1.0,0.0,0.0,0.0,0.0,0.0,1.0,0.0,0.0,0.0,1.0,1
699.25,3.7008,5.9,5.2233,3.8437,4.5,4.9848,2.5619,2.9796,39.9205,42.1131,75.8313,42.1131,67.3665,24.7193,103.7281,24.5974,66.9135,44.2031,43.3031,86.8802,86.8964,0.0,0.0,0.0,0.0,0.0,22.6794,0.0,32.2696,0.0,-0.0,1.0,1.0,0.0,0.0,0.0,0.0,0.0,1.0,0.0,1.0,0.0,1.0,1
699.5,3.8372,5.9,5.1625,3.5908,4.5,4.9127,2.3128,2.9789,39.0951,40.7991,75.7705,40.7991,67.1135,24.7052,103.714,24.5833,66.8943,42.8891,41.9891,88.4722,88.4888,0.0,0.0,0.0,0.0,0.0,22.6794,0.0,32.271,0.0,-0.0,1.0,1.0,0.0,0.0,0.0,0.0,0.0,1.0,0.0,1.0,0.0,1.0,1
699.75,3.9398,5.9,5.1018,3.3378,4.5,5.0083,2.5577,2.9789999999999996,39.1488,40.8848,75.7098,40.8848,66.8606,24.6916,103.7004,24.5697,66.8756,42.9748,42.0748,88.3689,88.3855,0.0,0.0,0.0,0.0,0.0,22.6794,0.0,32.2724,0.0,-0.0,1.0,1.0,0.0,0.0,0.0,0.0,0.0,1.0,0.0,1.0,0.0,1.0,1
700.0,4.0423,5.9,5.041,3.0849,4.5,5.1044,2.8014,2.9794,39.6261,41.5059,76.2458,41.5059,68.4757,26.026,111.3582,25.9018,67.0233,43.5959,42.6959,87.4493,87.4657,0.0,0.0,0.0,0.0,0.0,15.2833,0.0,32.6027,0.0,-0.0001,1.0,1.0,0.0,0.0,0.0,0.0,0.0,1.0,0.0,1.0,0.0,1.0,1
700.25,4.14,5.9,4.9894,3.0315,4.5,5.209,3.0806,2.9777,37.6264,35.8912,76.1942,35.8497,91.8951,26.004,111.3361,25.8798,67.0074,38.2797,37.3797,91.2799,91.2974,0.0,0.0,0.0,0.0,50.6561,15.2833,0.0,32.601,0.0,50.65600000000001,1.0,1.0,0.0,0.0,0.0,0.0,1.0,1.0,0.0,1.0,0.0,1.0,1
700.5,4.2026,5.9,4.9378,3.2803,4.5,5.3124,3.3543,2.9777,37.6631,35.9557,76.1426,35.9143,92.0856,25.9824,111.3145,25.8582,66.992,38.3435,37.4435,91.21,91.2275,0.0,0.0,0.0,0.0,50.5929,15.2833,0.0,32.5993,0.0,50.5928,1.0,1.0,0.0,0.0,0.0,0.0,1.0,1.0,0.0,1.0,0.0,1.0,1
700.75,4.2652,5.9,4.8862,3.5286,4.5,5.4165,3.6263,2.9777,37.6999,36.0201,76.09100000000002,35.9788,92.2755,25.9613,111.2934,25.837,66.9771,38.4073,37.5073,91.1401,91.1576,0.0,0.0,0.0,0.0,50.5298,15.2833,0.0,32.5976,0.0,50.5297,1.0,1.0,0.0,0.0,0.0,0.0,1.0,1.0,0.0,1.0,0.0,1.0,1
701.0,4.3281,5.9,4.8346,3.7763,4.5,5.5,3.9177,2.9776,37.4899,35.8729,75.4825,35.8325,93.2316,24.6523,102.2106,24.5334,68.4127,38.254,37.354,91.5392,91.5567,0.0,0.0,0.0,0.0,49.9696,24.0171,0.0,31.8263,0.0,49.9695,1.0,1.0,0.0,0.0,0.0,0.0,1.0,1.0,0.0,1.0,0.0,1.0,1
701.25,4.3857,5.9,4.7744,4.0488,4.5,5.5,4.2616,2.9776,37.5248,35.9351,75.4223,35.8947,93.4356,24.6437,102.2019,24.5251,68.48100000000001,38.3154,37.4154,91.473,91.4905,0.0,0.0,0.0,0.0,49.8969,24.0171,0.0,31.8043,0.0,49.8968,1.0,1.0,0.0,0.0,0.0,0.0,1.0,1.0,0.0,1.0,0.0,1.0,1
701.5,4.4432,5.9,4.7142,4.3208,4.5,5.5,4.6041,2.9776,37.5596,35.9972,75.3621,35.957,93.6392,24.6356,102.1937,24.517,68.54899999999999,38.3767,37.4767,91.4068,91.4243,0.0,0.0,0.0,0.0,49.8242,24.0171,0.0,31.7825,0.0,49.8241,1.0,1.0,0.0,0.0,0.0,0.0,1.0,1.0,0.0,1.0,0.0,1.0,1
701.75,4.5310000000000015,5.9,4.6541,4.449,4.5,5.4767,4.6898,2.9913,27.7127,38.0692,75.3019,38.0692,70.4361,24.6278,102.1858,24.5094,68.6168,40.1592,39.2592,109.5424,0.0,0.0,0.0,0.0,0.0,0.0,24.0171,0.0,31.7608,0.0,-0.0001,1.0,0.0,0.0,0.0,0.0,0.0,0.0,1.0,0.0,1.0,0.0,1.0,1
702.0,4.5962,5.9,4.5939,4.2989,4.5,5.4214,4.4314,2.9912,27.1355,37.5493,74.9627,37.5493,67.3562,25.1129,105.1159,24.993000000000002,68.3277,39.6393,38.7393,110.5695,0.0,0.0,0.0,0.0,0.0,0.0,21.7051,0.0,31.9817,0.0,-0.0001,1.0,0.0,0.0,0.0,0.0,0.0,0.0,1.0,0.0,1.0,0.0,1.0,1
702.25,4.6435,5.9,4.5298,4.0304,4.5,5.3534,4.1174,2.9912,27.173000000000002,37.5935,74.8986,37.5935,67.0877,25.1015,105.1045,24.9817,68.3764,39.6835,38.7835,110.5028,0.0,0.0,0.0,0.0,0.0,0.0,21.7051,0.0,31.9646,0.0,-0.0001,1.0,0.0,0.0,0.0,0.0,0.0,0.0,1.0,0.0,1.0,0.0,1.0,1
702.5,4.6908,5.9,4.4657,3.7619,4.5,5.2834,3.8061,2.9912,27.2104,37.6376,74.8345,37.6376,66.8191,25.2385,105.2388,25.1235,70.9257,39.7276,38.8276,110.4363,0.0,0.0,0.0,0.0,0.0,0.0,21.7051,0.0,31.2686,0.0,-0.0001,1.0,0.0,0.0,0.0,0.0,0.0,0.0,1.0,0.0,1.0,0.0,1.0,1
702.75,4.7379,5.9,4.4016,3.4934,4.5,5.2115,3.4974,2.9912,27.2478,37.6816,74.7705,37.6816,66.5507,25.2303,105.2305,25.1155,71.0137,39.7716,38.8716,110.3698,0.0,0.0,0.0,0.0,0.0,0.0,21.7051,0.0,31.2405,0.0,-0.0001,1.0,0.0,0.0,0.0,0.0,0.0,0.0,1.0,0.0,1.0,0.0,1.0,1
703.0,4.785,5.9,4.3375,3.2248,4.5,5.1377,3.1913,2.9912,27.3602,37.8148,71.8471,37.8148,64.6658,24.6632,101.1475,24.5522,72.3189,39.9048,39.0048,110.1701,0.0,0.0,0.0,0.0,0.0,0.0,24.9522,0.0,30.6842,0.0,-0.0001,1.0,0.0,0.0,0.0,0.0,0.0,0.0,1.0,0.0,1.0,0.0,1.0,1
703.25,4.8361,5.9,4.2412,2.9074,4.5,5.0518,2.8297,2.9909,26.1838,33.8506,71.7507,33.8076,87.8337,24.656999999999996,101.1411,24.5463,72.4469,36.2501,35.3501,112.2554,0.0,0.0,0.0,0.0,0.0,51.6534,24.9522,0.0,30.6437,0.0,51.6534,1.0,0.0,0.0,0.0,0.0,0.0,1.0,1.0,0.0,1.0,0.0,1.0,1
703.5,4.8292,5.9,4.1448,3.0267,4.5,4.9643,2.4703,2.9908,25.8263,33.4453,71.6543,33.4025,87.806,24.6509,101.1349,24.5404,72.5744,35.8427,34.9427,112.8865,0.0,0.0,0.0,0.0,0.0,51.4694,24.9522,0.0,30.6034,0.0,51.4693,1.0,0.0,0.0,0.0,0.0,0.0,1.0,1.0,0.0,1.0,0.0,1.0,1
703.75,4.7856,5.9,4.0484,3.1445,4.5,5.0394,2.6145,2.9908,25.7927,33.4104,71.5579,33.3677,87.881,24.6448,101.1287,24.5346,72.7013,35.8072,34.9072,112.9458,0.0,0.0,0.0,0.0,0.0,51.4156,24.9522,0.0,30.5632,0.0,51.4155,1.0,0.0,0.0,0.0,0.0,0.0,1.0,1.0,0.0,1.0,0.0,1.0,1
704.0,4.7421,5.9,3.952,3.2619,4.5,5.1146,2.7576,2.9908,25.7842,33.2729,69.7953,33.2293,86.4931,23.5748,95.677,23.4614,70.0314,35.6765,34.7765,112.9606,0.0,0.0,0.0,0.0,0.0,52.0219,28.4232,0.0,31.041999999999998,0.0,52.0219,1.0,0.0,0.0,0.0,0.0,0.0,1.0,1.0,0.0,1.0,0.0,1.0,1
704.25,4.6938,5.9,3.8405,3.3048,4.5,5.1638,2.7825,2.9908,25.7463,33.2307,69.6838,33.1872,86.5142,23.5544,95.6565,23.441,70.0609,35.634,34.734,113.0275,0.0,0.0,0.0,0.0,0.0,51.9916,28.4232,0.0,31.0273,0.0,51.9916,1.0,0.0,0.0,0.0,0.0,0.0,1.0,1.0,0.0,1.0,0.0,1.0,1
704.5,4.6457,5.9,3.7289999999999996,3.3474,4.5,5.2127,2.8073,2.9908,25.7084,33.1887,69.5723,33.1452,86.5351,23.534000000000002,95.6361,23.4208,70.0902,35.5916,34.6916,113.0942,0.0,0.0,0.0,0.0,0.0,51.9613,28.4232,0.0,31.0125,0.0,51.9613,1.0,0.0,0.0,0.0,0.0,0.0,1.0,1.0,0.0,1.0,0.0,1.0,1
704.75,4.5976,5.9,3.6175,3.3898,4.5,5.2614,2.832,2.9908,25.6707,33.1468,69.4608,33.1033,86.5558,23.5138,95.6159,23.4006,70.1192,35.5494,34.6494,113.1607,0.0,0.0,0.0,0.0,0.0,51.9312,28.4232,0.0,30.9979,0.0,51.9311,1.0,0.0,0.0,0.0,0.0,0.0,1.0,1.0,0.0,1.0,0.0,1.0,1
705.0,4.5497,5.9,3.5060000000000002,3.4319,4.5,5.3098,2.8567,2.9907,25.1811,32.7138,67.3319,32.6705,86.2564,24.7482,105.1019,24.631999999999998,69.8277,35.1157,34.2157,114.0221,0.0,0.0,0.0,0.0,0.0,51.8667,21.3476,0.0,31.445999999999998,0.0,51.8667,1.0,0.0,0.0,0.0,0.0,0.0,1.0,1.0,0.0,1.0,0.0,1.0,1
705.25,4.4884,5.9,3.3784,3.4586,4.5,5.348,2.839,2.9907,25.1328,32.6595,67.2042,32.6161,86.2627,24.7235,105.0771,24.6073,69.8348,35.061,34.161,114.10700000000001,0.0,0.0,0.0,0.0,0.0,51.8374,21.3476,0.0,31.4368,0.0,51.8374,1.0,0.0,0.0,0.0,0.0,0.0,1.0,1.0,0.0,1.0,0.0,1.0,1
705.5,4.4271,5.9,3.2507,3.4851,4.5,5.3857,2.8217,2.9906,25.0845,32.6052,67.0765,32.5619,86.2688,24.6989,105.0525,24.5828,69.8419,35.0064,34.1064,114.1917,0.0,0.0,0.0,0.0,0.0,51.8082,21.3476,0.0,31.4276,0.0,51.8082,1.0,0.0,0.0,0.0,0.0,0.0,1.0,1.0,0.0,1.0,0.0,1.0,1
705.75,4.3661,5.9,3.123,3.5113,4.5,5.4227,2.8049,2.9906,25.0365,32.5511,66.9488,32.5079,86.2747,24.6744,105.02799999999999,24.5584,69.8487,34.952,34.052,114.2761,0.0,0.0,0.0,0.0,0.0,51.7792,21.3476,0.0,31.4185,0.0,51.7791,1.0,0.0,0.0,0.0,0.0,0.0,1.0,1.0,0.0,1.0,0.0,1.0,1
706.0,4.3045,5.898,3.0037,3.5369,4.5,5.4594,2.7882,2.9903,23.9518,29.818,88.9023,29.8924,85.5619,24.9678,104.156,24.8572,72.8551,32.7155,31.8155,116.1747,0.0,0.0,36.7108,0.0,0.0,50.8441,22.5012,0.0,30.6143,0.0,64.1711,1.0,0.0,0.0,1.0,0.0,0.0,1.0,1.0,0.0,1.0,0.0,1.0,1
706.25,4.211,5.836,3.1262,3.5496,4.5,5.495,2.7760000000000002,2.9903,23.884,29.7551,88.9573,29.8292,85.5555,24.965999999999998,104.1541,24.8557,72.9752,32.6504,31.7504,116.29299999999999,0.0,0.0,36.6456,0.0,0.0,50.8157,22.5012,0.0,30.5775,0.0,64.013,1.0,0.0,0.0,1.0,0.0,0.0,1.0,1.0,0.0,1.0,0.0,1.0,1
706.5,4.1182,5.7739,3.2483,3.5619,4.5,5.5,2.7973,2.9903,23.8264,29.6953,89.0131,29.769000000000002,85.5497,24.9643,104.1523,24.8542,73.0946,32.5888,31.6888,116.3934,0.0,0.0,36.5816,0.0,0.0,50.7886,22.5012,0.0,30.5409,0.0,63.9454,1.0,0.0,0.0,1.0,0.0,0.0,1.0,1.0,0.0,1.0,0.0,1.0,1
706.75,4.0257,5.7117,3.37,3.5741,4.5,5.5,2.8236,2.9903,23.7592,29.6325,89.0677,29.7058,85.54299999999998,24.9626,104.1505,24.8528,73.2135,32.5239,31.6239,116.5106,0.0,0.0,36.5164,0.0,0.0,50.7604,22.5012,0.0,30.5043,0.0,63.7932,1.0,0.0,0.0,1.0,0.0,0.0,1.0,1.0,0.0,1.0,0.0,1.0,1
707.0,3.9336,5.6494,3.4912,3.5859,4.5,5.5,2.8494,2.9904,24.1311,29.6914,89.398,29.7643,86.1987,25.2225,106.1592,25.1099,72.1294,32.5921,31.6921,115.8615,0.0,0.0,36.3653,0.0,0.0,50.4604,20.7389,0.0,30.9083,0.0,66.8597,1.0,0.0,0.0,1.0,0.0,0.0,1.0,1.0,0.0,1.0,0.0,1.0,1
707.25,3.8541,5.5964,3.6142,3.6392,4.5,5.5,2.9857,2.9904,24.0732,29.6387,89.4565,29.7113,86.2238,25.2429,106.1795,25.1305,72.2114,32.5372,31.6372,115.9627,0.0,0.0,36.3031,0.0,0.0,50.4209,20.7389,0.0,30.89,0.0,66.72,1.0,0.0,0.0,1.0,0.0,0.0,1.0,1.0,0.0,1.0,0.0,1.0,1
707.5,3.7749,5.5433,3.7368,3.6921,4.5,5.5,3.1210000000000004,2.9904,24.0155,29.586,89.5148,29.6583,86.2486,25.246,106.1826,25.1337,72.2891,32.4823,31.5823,116.0635,0.0,0.0,36.241,0.0,0.0,50.3816,20.7389,0.0,30.8677,0.0,66.5826,1.0,0.0,0.0,1.0,0.0,0.0,1.0,1.0,0.0,1.0,0.0,1.0,1
707.75,3.6959,5.4901,3.859,3.7447,4.5,5.5,3.2554,2.9903,23.9579,29.5332,89.5728,29.6052,86.2732,25.2495,106.186,25.1374,72.3665,32.4274,31.5274,116.164,0.0,0.0,36.1788,0.0,0.0,50.3423,20.7389,0.0,30.8456,0.0,66.447,1.0,0.0,0.0,1.0,0.0,0.0,1.0,1.0,0.0,1.0,0.0,1.0,1
708.0,3.6174,5.4369,3.9809,3.7969999999999997,4.5,5.5,3.3888,2.9903,23.8488,29.5066,90.885,29.5746,86.6683,30.1779,113.1264,30.1779,57.9842,32.3828,31.4828,116.3543,0.0,0.0,35.4178,0.0,0.0,50.1258,18.3917,0.0,0.0,0.0,65.851,1.0,0.0,0.0,1.0,0.0,0.0,1.0,1.0,0.0,0.0,0.0,1.0,1
708.25,3.5385,5.3846,4.1121,3.8696,4.5,5.5,3.2823,2.9903,23.7904,29.4546,90.946,29.5223,86.7069,30.1976,113.1461,30.1976,57.6445,32.3285,31.4285,116.4563,0.0,0.0,35.3527,0.0,0.0,50.0794,18.3917,0.0,0.0,0.0,65.6973,1.0,0.0,0.0,1.0,0.0,0.0,1.0,1.0,0.0,0.0,0.0,1.0,1
708.5,3.46,5.3322,4.243,3.9418,4.5,5.5,3.176,2.9903,23.732,29.4026,91.0068,29.47,86.7453,30.2176,113.1661,30.2176,57.3042,32.2742,31.3742,116.5579,0.0,0.0,35.2875,0.0,0.0,50.033,18.3917,0.0,0.0,0.0,65.5455,1.0,0.0,0.0,1.0,0.0,0.0,1.0,1.0,0.0,0.0,0.0,1.0,1
708.75,3.3817,5.2797,4.3734,4.0137,4.5,5.5,3.0699,2.9903,23.6739,29.3505,91.0673,29.4176,86.7833,30.2379,113.1863,30.2379,56.9636,32.2198,31.3198,116.6593,0.0,0.0,35.2224,0.0,0.0,49.9867,18.3917,0.0,0.0,0.0,65.3957,1.0,0.0,0.0,1.0,0.0,0.0,1.0,1.0,0.0,0.0,0.0,1.0,1
709.0,3.3038,5.2272,4.5035,4.0851,4.5,5.5,2.964,2.9904,24.2729,29.4549,93.5623,29.5132,85.67299999999999,32.3744,112.3785,32.3744,56.6793,32.33,31.43,115.6138,0.0,0.0,33.8051,0.0,0.0,50.5986,21.636,0.0,0.0,0.0,69.8122,1.0,0.0,0.0,1.0,0.0,0.0,1.0,1.0,0.0,0.0,0.0,1.0,1
709.25,3.2451,5.1884,4.6508,4.0786,4.5,5.5,2.9424,2.9904,24.2288,29.4164,93.6329,29.4744,85.6586,26.2729,106.3455,26.1516,68.7981,32.2897,31.3897,115.6908,0.0,0.0,33.7388,0.0,0.0,50.5863,21.6359,0.0,32.1766,0.0,69.693,1.0,0.0,0.0,1.0,0.0,0.0,1.0,1.0,0.0,1.0,0.0,1.0,1
709.5,3.1867,5.1496,4.7977,4.072,4.5,5.5,2.9206,2.9904,24.1849,29.3779,93.7031,29.4355,85.6441,26.3386,106.4111,26.2173,68.8782,32.2494,31.3494,115.7676,0.0,0.0,33.6725,0.0,0.0,50.5741,21.6359,0.0,32.1726,0.0,69.5757,1.0,0.0,0.0,1.0,0.0,0.0,1.0,1.0,0.0,1.0,0.0,1.0,1
709.75,3.1285,5.1107,4.9442,4.0653,4.5,5.5,2.8987,2.9904,24.1411,29.3393,93.7731,29.3965,85.6295,26.4041,106.4767,26.2829,68.9581,32.209,31.309,115.8441,0.0,0.0,33.6062,0.0,0.0,50.5619,21.6359,0.0,32.1685,0.0,69.4602,1.0,0.0,0.0,1.0,0.0,0.0,1.0,1.0,0.0,1.0,0.0,1.0,1
710.0,3.0706,5.0717,5.0903,4.0584,4.5,5.5,2.8767,2.99,22.8355,29.0151,92.4939,29.0761,86.0987,26.246,106.7911,26.1232,67.9891,31.8446,30.9446,118.1171,0.0,0.0,34.1843,0.0,0.0,50.162,21.1545,0.0,32.3957,0.0,60.2319,1.0,0.0,0.0,1.0,0.0,0.0,1.0,1.0,0.0,1.0,0.0,1.0,1
710.25,2.978,5.0077,5.2265,4.0914,4.5,5.5,2.96,2.99,22.7684,28.9513,92.5506,29.011999999999997,86.1065,26.3023,106.8475,26.1795,68.017,31.7786,30.8786,118.2335,0.0,0.0,34.111999999999995,0.0,0.0,50.1254,21.1545,0.0,32.4036,0.0,60.0857,1.0,0.0,0.0,1.0,0.0,0.0,1.0,1.0,0.0,1.0,0.0,1.0,1
710.5,2.8858,4.9435,5.3621,4.124,4.5,5.5,3.0422,2.99,22.8339,29.7887,75.1527,29.7476,86.3215,26.3586,106.9038,26.2357,68.0451,32.1983,31.2983,118.1198,0.0,0.0,0.0,0.0,0.0,50.3899,21.1545,0.0,32.4115,0.0,56.1655,1.0,0.0,0.0,0.0,0.0,0.0,1.0,1.0,0.0,1.0,0.0,1.0,1
710.75,2.7981,4.9589,5.2905,4.1589,4.5,5.5,3.1246,2.99,22.7889,29.7973,75.0811,29.7562,86.3496,26.4148,106.96,26.2918,68.0734,32.2038,31.3038,118.1979,0.0,0.0,0.0,0.0,0.0,50.38,21.1545,0.0,32.4192,0.0,55.4734,1.0,0.0,0.0,0.0,0.0,0.0,1.0,1.0,0.0,1.0,0.0,1.0,1
711.0,2.7112,4.9724,5.2189,4.1938,4.5,5.5,3.2063,2.9901,23.2056,29.8505,72.5901,29.8093,86.3295,25.7158,102.5513,25.5945,68.1961,32.272,31.372,117.4743,0.0,0.0,0.0,0.0,0.0,50.417,24.6547,0.0,32.1893,0.0,58.8119,1.0,0.0,0.0,0.0,0.0,0.0,1.0,1.0,0.0,1.0,0.0,1.0,1
711.25,2.6362,4.9947,5.1212,4.2248,4.5,5.5,3.3101,2.9901,23.1668,29.8638,72.4924,29.8226,86.3559,25.77,102.6055,25.6486,68.2336,32.2823,31.3823,117.5417,0.0,0.0,0.0,0.0,0.0,50.4104,24.6547,0.0,32.1939,0.0,58.1664,1.0,0.0,0.0,0.0,0.0,0.0,1.0,1.0,0.0,1.0,0.0,1.0,1
711.5,2.5621,5.0152,5.0235,4.2557,4.5,5.5,3.4131,2.9901,23.1283,29.8761,72.3947,29.835,86.3821,25.968000000000004,102.8012,25.8506,70.4484,32.2918,31.3918,117.6087,0.0,0.0,0.0,0.0,0.0,50.4034,24.6547,0.0,31.6195,0.0,57.5294,1.0,0.0,0.0,0.0,0.0,0.0,1.0,1.0,0.0,1.0,0.0,1.0,1
711.75,2.4889,5.0342,4.9257,4.2866,4.5,5.5,3.5154,2.9901,23.0901,29.8875,72.2969,29.8464,86.4079,26.0249,102.8581,25.9075,70.5237,32.3003,31.4003,117.6751,0.0,0.0,0.0,0.0,0.0,50.3961,24.6547,0.0,31.6142,0.0,56.901,1.0,0.0,0.0,0.0,0.0,0.0,1.0,1.0,0.0,1.0,0.0,1.0,1
712.0,2.4165,5.0514,4.828,4.3174,4.5,5.5,3.6169,2.99,22.8015,29.8827,71.9886,29.842,86.9096,24.0112,99.2343,23.8929,68.0356,32.2823,31.3823,118.1761,0.0,0.0,0.0,0.0,0.0,50.1391,26.0089,0.0,31.7507,0.0,54.2293,1.0,0.0,0.0,0.0,0.0,0.0,1.0,1.0,0.0,1.0,0.0,1.0,1
712.25,2.34,5.0623,4.7283,4.3776,4.5,5.5,3.7219,2.99,22.7611,29.8892,71.8889,29.8485,86.9554,23.967,99.1901,23.8487,67.9854,32.2861,31.3861,118.2461,0.0,0.0,0.0,0.0,0.0,50.1191,26.0089,0.0,31.7524,0.0,53.6034,1.0,0.0,0.0,0.0,0.0,0.0,1.0,1.0,0.0,1.0,0.0,1.0,1
712.5,2.2644,5.0715,4.6286,4.4375,4.5,5.5,3.8262,2.99,22.721,29.8948,71.7892,29.8541,87.0007,23.9228,99.1459,23.8045,67.9353,32.2889,31.3889,118.3157,0.0,0.0,0.0,0.0,0.0,50.0988,26.0089,0.0,31.7541,0.0,52.9863,1.0,0.0,0.0,0.0,0.0,0.0,1.0,1.0,0.0,1.0,0.0,1.0,1
712.75,2.1896,5.0792,4.5289,4.4973,4.5,5.5,3.9297,2.99,22.6812,29.8995,71.6895,29.8588,87.0457,23.8788,99.1019,23.7604,67.8852,32.2909,31.3909,118.3847,0.0,0.0,0.0,0.0,0.0,50.0782,26.0089,0.0,31.7558,0.0,52.3778,1.0,0.0,0.0,0.0,0.0,0.0,1.0,1.0,0.0,1.0,0.0,1.0,1
713.0,2.1274,5.1838,4.4292,4.1527,4.5,5.5,4.0339,2.9901,23.2639,31.4913,72.5252,31.4913,63.2015,22.1418,89.1801,22.0259,67.3716,33.6584,32.7584,117.37299999999999,0.0,0.0,0.0,0.0,0.0,0.0,31.9079,0.0,31.4023,0.0,42.0457,1.0,0.0,0.0,0.0,0.0,0.0,0.0,1.0,0.0,1.0,0.0,1.0,1
713.25,2.0758,5.2954,4.3386,3.7727,4.5,5.5,4.1952,2.9901,23.2496,31.5451,72.4346,31.5451,62.8216,22.0837,89.1219,21.9678,67.3043,33.7087,32.8087,117.3979,0.0,0.0,0.0,0.0,0.0,0.0,31.9079,0.0,31.405,0.0,41.0309,1.0,0.0,0.0,0.0,0.0,0.0,0.0,1.0,0.0,1.0,0.0,1.0,1
713.5,2.0255,5.4042,4.248,3.3927,4.5,5.5,4.3555,2.9901,23.2359,31.5977,72.344,31.5977,62.4416,22.0257,89.0639,21.9097,67.2371,33.7581,32.8581,117.4216,0.0,0.0,0.0,0.0,0.0,0.0,31.9079,0.0,31.4076,0.0,40.0236,1.0,0.0,0.0,0.0,0.0,0.0,0.0,1.0,0.0,1.0,0.0,1.0,1
713.75,1.9765,5.5102,4.1574,3.0127,4.5,5.5,4.5148,2.9901,23.22300000000001,31.6492,72.2535,31.6492,62.0616,21.9677,89.0059,21.8517,67.17,33.8063,32.9063,117.4441,0.0,0.0,0.0,0.0,0.0,0.0,31.9079,0.0,31.4103,0.0,39.0262,1.0,0.0,0.0,0.0,0.0,0.0,0.0,1.0,0.0,1.0,0.0,1.0,1
714.0,1.9287,5.6137,4.0668,2.6328,4.5,5.5,4.6732,2.99,22.7272,30.3988,72.2547,30.3566,85.4227,24.8256,104.1306,24.7061,68.2609,32.7749,31.8749,118.3048,0.0,0.0,0.0,0.0,0.0,51.1436,22.3932,0.0,31.919,0.0,46.5383,1.0,0.0,0.0,0.0,0.0,0.0,1.0,1.0,0.0,1.0,0.0,1.0,1
714.25,1.864,5.6015,3.9772,2.6772,4.5,5.5,4.7328,2.99,22.6876,30.3833,72.1651,30.340999999999998,85.4515,24.8024,104.1075,24.683000000000003,68.2429,32.7577,31.8577,118.3735,0.0,0.0,0.0,0.0,0.0,51.1217,22.3932,0.0,31.9175,0.0,46.1315,1.0,0.0,0.0,0.0,0.0,0.0,1.0,1.0,0.0,1.0,0.0,1.0,1
714.5,1.7999,5.5882,3.8876,2.7214,4.5,5.5,4.7919,2.99,22.648000000000003,30.3666,72.0755,30.3244,85.4799,24.7793,104.0844,24.6599,68.2249,32.7394,31.8394,118.4422,0.0,0.0,0.0,0.0,0.0,51.0994,22.3932,0.0,31.9161,0.0,45.7372,1.0,0.0,0.0,0.0,0.0,0.0,1.0,1.0,0.0,1.0,0.0,1.0,1
714.75,1.7365,5.5739,3.7979,2.7655,4.5,5.5,4.8504,2.9901,23.038,30.3813,71.9858,30.3391,85.5163,24.7562,104.0613,24.6368,68.2068,32.7756,31.8756,117.7655,0.0,0.0,0.0,0.0,0.0,51.0887,22.3932,0.0,31.9146,0.0,51.3628,1.0,0.0,0.0,0.0,0.0,0.0,1.0,1.0,0.0,1.0,0.0,1.0,1
715.0,1.7009999999999998,5.5746,3.7083,2.8094,4.5,5.4012,4.3618,2.9902,23.2994,30.3872,70.0549,30.3451,85.60700000000001,25.0638,104.9955,24.9496,71.1119,32.7885,31.8885,117.3113,0.0,0.0,0.0,0.0,0.0,51.0467,21.7735,0.0,31.1627,0.0,53.1364,1.0,0.0,0.0,0.0,0.0,0.0,1.0,1.0,0.0,1.0,0.0,1.0,1
715.25,1.6724,5.5802,3.6012,2.8567,4.5,5.3103,3.9297,2.9902,23.2814,30.3917,69.9478,30.3496,85.6431,25.0505,104.9821,24.9365,71.2096,32.7916,31.8916,117.3425,0.0,0.0,0.0,0.0,0.0,51.0311,21.7735,0.0,31.13,0.0,52.8324,1.0,0.0,0.0,0.0,0.0,0.0,1.0,1.0,0.0,1.0,0.0,1.0,1
715.5,1.6441,5.585,3.4941,2.9038,4.5,5.2174,3.5006,2.9901,23.2636,30.3955,69.8407,30.3535,85.6789,25.0373,104.9687,24.9234,71.3067,32.7941,31.8941,117.3734,0.0,0.0,0.0,0.0,0.0,51.0152,21.7735,0.0,31.0974,0.0,52.5363,1.0,0.0,0.0,0.0,0.0,0.0,1.0,1.0,0.0,1.0,0.0,1.0,1
715.75,1.6162,5.5889999999999995,3.3869,2.9508,4.5,5.1223,3.0744,2.9901,23.246,30.3988,69.7335,30.3568,85.7145,25.024,104.9553,24.9104,71.4034,32.7961,31.8961,117.4041,0.0,0.0,0.0,0.0,0.0,50.9992,21.7735,0.0,31.0649,0.0,52.2479,1.0,0.0,0.0,0.0,0.0,0.0,1.0,1.0,0.0,1.0,0.0,1.0,1
716.0,1.5886,5.5923,3.2798,2.9977,4.5,5.0252,2.6509,2.99,22.6106,30.3785,68.6348,30.3362,85.344,25.9594,108.4604,25.8419,70.4151,32.7554,31.8554,118.5071,0.0,0.0,0.0,0.0,0.0,51.1724,19.0039,0.0,31.6266,0.0,46.7113,1.0,0.0,0.0,0.0,0.0,0.0,1.0,1.0,0.0,1.0,0.0,1.0,1
716.25,1.5430000000000001,5.5803,3.1642,3.0186,4.5,4.901,2.0931,2.9898,22.0701,30.2666,68.5193,30.2244,85.3314,25.9764,108.4774,25.859,70.4755,32.6182,31.7182,119.4423,0.0,0.0,0.0,0.0,0.0,51.1234,19.0039,0.0,31.6141,0.0,39.5063,1.0,0.0,0.0,0.0,0.0,0.0,1.0,1.0,0.0,1.0,0.0,1.0,1
716.5,1.47,5.5495,3.0487,3.0392,4.5,4.9242,2.0415,2.9898,22.0216,30.2304,68.4037,30.1882,85.3376,24.0278,106.527,23.9136,70.0924,32.5809,31.6809,119.5261,0.0,0.0,0.0,0.0,0.0,51.1024,19.0039,0.0,31.1578,0.0,39.1999,1.0,0.0,0.0,0.0,0.0,0.0,1.0,1.0,0.0,1.0,0.0,1.0,1
716.75,1.3918,5.4757,3.0634,3.057,4.5,4.9461,1.9903,2.9897,21.660999999999998,28.6853,87.2556,28.7617,84.9908,23.9695,106.4686,23.8554,70.1278,31.5156,30.6155,120.1485,0.0,0.0,36.9934,0.0,0.0,50.5638,19.0039,0.0,31.1302,0.0,48.3296,1.0,0.0,0.0,1.0,0.0,0.0,1.0,1.0,0.0,1.0,0.0,1.0,1
717.0,1.3094,5.3716,3.1727,3.0728,4.5,4.9672,1.9392,2.9896,21.4157,28.5009,86.9716,28.5772,84.205,24.2447,108.2263,24.1364,73.2731,31.3315,30.4315,120.5713,0.0,0.0,37.0478,0.0,0.0,50.8649,17.1645,0.0,30.2671,0.0,47.305,1.0,0.0,0.0,1.0,0.0,0.0,1.0,1.0,0.0,1.0,0.0,1.0,1
717.25,1.2218,5.2639,3.2788,3.0221,4.5,4.9779,1.8626,2.9896,21.3421,28.4062,87.0093,28.4821,84.14399999999998,24.1921,108.1734,24.0842,73.4076,31.2358,30.3358,120.698,0.0,0.0,36.9754,0.0,0.0,50.8479,17.1645,0.0,30.2096,0.0,47.4243,1.0,0.0,0.0,1.0,0.0,0.0,1.0,1.0,0.0,1.0,0.0,1.0,1
717.5,1.1343,5.1568,3.3843,2.9712,4.5,4.9874,1.7873,2.9896,21.2687,28.3119,87.0468,28.3874,84.083,24.1397,108.1209,24.0322,73.5413,31.1406,30.2406,120.8244,0.0,0.0,36.9032,0.0,0.0,50.8311,17.1645,0.0,30.1523,0.0,47.5401,1.0,0.0,0.0,1.0,0.0,0.0,1.0,1.0,0.0,1.0,0.0,1.0,1
717.75,1.0467,5.0501,3.4895,2.9201,4.5,4.996,1.7128,2.9896,21.1953,28.2179,87.0842,28.29300000000001,84.0218,24.0878,108.0687,23.9806,73.6742,31.0456,30.1456,120.9506,0.0,0.0,36.8309,0.0,0.0,50.8145,17.1645,0.0,30.0952,0.0,47.6541,1.0,0.0,0.0,1.0,0.0,0.0,1.0,1.0,0.0,1.0,0.0,1.0,1
718.0,0.9917,4.9639,3.5949,2.87,4.5,5.0048,1.6417,2.9747,34.1762,28.9409,86.1907,29.021,84.4396,25.1455,111.0077,25.0434,77.1721,31.8735,30.9735,97.7581,97.7775,0.0,37.7083,0.0,0.0,50.968999999999994,14.4418,0.0,29.3268,0.0,67.5449,1.0,1.0,0.0,1.0,0.0,0.0,1.0,1.0,0.0,1.0,0.0,1.0,1
718.25,0.9954,4.9078,3.6899,2.8492,4.5,4.9808,1.4882,2.9746,34.1724,28.899,86.2417,28.9787,84.4136,25.4395,111.3017,25.3374,77.4839,31.8324,30.9324,97.7652,97.7845,0.0,37.6584,0.0,0.0,50.9609,14.4418,0.0,29.320999999999998,0.0,67.9017,1.0,1.0,0.0,1.0,0.0,0.0,1.0,1.0,0.0,1.0,0.0,1.0,1
718.5,0.9987,4.8528,3.7846,2.8283,4.5,4.9558,1.3366,2.9746,34.1685,28.8576,86.2927,28.9371,84.3877,25.4168,111.2787,25.3152,77.7007,31.7919,30.8919,97.7723,97.7917,0.0,37.6089,0.0,0.0,50.9531,14.4418,0.0,29.2441,0.0,68.2504,1.0,1.0,0.0,1.0,0.0,0.0,1.0,1.0,0.0,1.0,0.0,1.0,1
718.75,1.0015,4.7989,3.8791,2.8073,4.5,4.9298,1.1867,2.9746,34.1646,28.8168,86.3437,28.8961,84.3619,29.8841,115.6886,29.8841,60.7907,31.752,30.851999999999997,97.7796,97.7989,0.0,37.5596,0.0,0.0,50.9455,14.4418,0.0,0.0,0.0,68.59100000000001,1.0,1.0,0.0,1.0,0.0,0.0,1.0,1.0,0.0,0.0,0.0,1.0,1
719.0,1.004,4.746,3.9732,2.7862,4.5,4.9030000000000005,1.0387,2.9742,33.6972,28.7469,88.6844,28.8185,84.5455,30.0673,116.6621,30.0673,61.1449,31.6442,30.7442,98.6452,98.6648,0.0,36.2361,0.0,0.0,50.8154,13.1042,0.0,0.0,0.0,65.8285,1.0,1.0,0.0,1.0,0.0,0.0,1.0,1.0,0.0,0.0,0.0,1.0,1
719.25,0.9856,4.6899,4.0875,2.7835,4.5,4.9288,1.0402,2.9742,33.6826,28.7015,88.7417,28.7728,84.5322,30.0615,116.6563,30.0615,60.971000000000004,31.5987,30.6987,98.6722,98.6918,0.0,36.1785,0.0,0.0,50.7993,13.1042,0.0,0.0,0.0,66.0547,1.0,1.0,0.0,1.0,0.0,0.0,1.0,1.0,0.0,0.0,0.0,1.0,1
719.5,0.9671,4.6343,4.2015,2.7807,4.5,4.9544,1.042,2.9742,33.668,28.6564,88.79899999999998,28.7275,84.5189,30.0563,116.6511,30.0563,60.7972,31.5537,30.6537,98.6992,98.7189,0.0,36.121,0.0,0.0,50.7832,13.1042,0.0,0.0,0.0,66.2762,1.0,1.0,0.0,1.0,0.0,0.0,1.0,1.0,0.0,0.0,0.0,1.0,1
719.75,0.9484,4.5796,4.3152,2.7777,4.5,4.9797,1.0439,2.9742,33.6533,28.6119,88.8563,28.6826,84.5056,30.0516,116.6464,30.0516,60.6236,31.509,30.609,98.7263,98.7459,0.0,36.0636,0.0,0.0,50.7674,13.1042,0.0,0.0,0.0,66.4923,1.0,1.0,0.0,1.0,0.0,0.0,1.0,1.0,0.0,0.0,0.0,1.0,1
720.0,0.9295,4.5256,4.4286,2.7746,4.5,5.0048,1.046,2.9746,34.1459,28.6731,89.2394,28.7433,85.2597,29.9353,116.404,29.9353,59.8314,31.5801,30.6801,97.8143,97.8337,0.0,35.8816,0.0,0.0,50.4189,13.3279,0.0,0.0,0.0,69.7618,1.0,1.0,0.0,1.0,0.0,0.0,1.0,1.0,0.0,0.0,0.0,1.0,1
720.25,0.9347,4.4817,4.5442,2.8229,4.5,5.0336,1.0586,2.9746,34.1439,28.6402,89.3015,28.7101,85.2865,29.6936,116.1623,29.6936,59.6165,31.5475,30.6475,97.8179,97.8372,0.0,35.8277,0.0,0.0,50.3886,13.3279,0.0,0.0,0.0,70.0558,1.0,1.0,0.0,1.0,0.0,0.0,1.0,1.0,0.0,0.0,0.0,1.0,1
720.5,0.9395,4.4389,4.6595,2.8710000000000004,4.5,5.0622,1.0713,2.9746,34.141999999999996,28.6079,89.3636,28.6775,85.3133,29.6705,116.1393,29.6705,59.4015,31.5155,30.6155,97.8215,97.8409,0.0,35.774,0.0,0.0,50.3585,13.3279,0.0,0.0,0.0,70.3425,1.0,1.0,0.0,1.0,0.0,0.0,1.0,1.0,0.0,0.0,0.0,1.0,1
720.75,0.9440000000000001,4.3969,4.7745,2.9188,4.5,5.0907,1.0841,2.9746,34.14,28.5762,89.4258,28.6456,85.3401,29.6479,116.1167,29.6479,59.1867,31.4841,30.5841,97.8252,97.8445,0.0,35.7206,0.0,0.0,50.3288,13.3279,0.0,0.0,0.0,70.6221,1.0,1.0,0.0,1.0,0.0,0.0,1.0,1.0,0.0,0.0,0.0,1.0,1
721.0,0.9482,4.356,4.8892,2.9663,4.5,5.119,1.097,2.9751,34.6863,28.6825,91.04299999999999,28.7485,87.4681,24.8323,110.7261,24.7161,69.9479,31.5867,30.6867,96.8101,96.8291,0.0,34.8473,0.0,0.0,49.2852,14.4038,0.0,31.4355,0.0,74.6735,1.0,1.0,0.0,1.0,0.0,0.0,1.0,1.0,0.0,1.0,0.0,1.0,1
721.25,0.977,4.3309,5.0159,3.1153,4.5,5.1835,1.2502,2.9751,34.6955,28.6655,91.115,28.7313,87.5676,24.8004,110.694,24.6846,70.0651,31.5699,30.6699,96.79299999999999,96.81200000000001,0.0,34.7951,0.0,0.0,49.224,14.4038,0.0,31.3921,0.0,74.9768,1.0,1.0,0.0,1.0,0.0,0.0,1.0,1.0,0.0,1.0,0.0,1.0,1
721.5,1.0054,4.3069,5.1424,3.2637,4.5,5.2483,1.4024,2.9751,34.7047,28.6493,91.18700000000001,28.7149,87.667,24.7688,110.6623,24.6533,70.1819,31.5538,30.6538,96.7758,96.7949,0.0,34.7432,0.0,0.0,49.1631,14.4038,0.0,31.3488,0.0,75.2726,1.0,1.0,0.0,1.0,0.0,0.0,1.0,1.0,0.0,1.0,0.0,1.0,1
721.75,1.0334,4.284,5.2686,3.4116,4.5,5.3134,1.5535,2.9751,34.714,28.6337,91.2591,28.6991,87.7662,24.7376,110.6309,24.6223,70.2982,31.5383,30.6383,96.7586,96.7777,0.0,34.6915,0.0,0.0,49.1026,14.4038,0.0,31.3057,0.0,75.5612,1.0,1.0,0.0,1.0,0.0,0.0,1.0,1.0,0.0,1.0,0.0,1.0,1
722.0,1.0636,4.3242,5.2363,3.5607,4.5,5.3791,1.7035,2.975,34.5622,29.5075,75.1157,29.4679,87.9115,24.1011,108.6678,23.9842,68.7941,31.9796,31.0796,97.041,97.0602,0.0,0.0,0.0,0.0,49.4295,16.3814,0.0,31.5581,0.0,70.5293,1.0,1.0,0.0,0.0,0.0,0.0,1.0,1.0,0.0,1.0,0.0,1.0,1
722.25,1.0874,4.3802,5.1658,3.7022,4.5,5.4464,1.8591,2.975,34.5804,29.5584,75.0452,29.5188,88.0264,24.0639,108.6304,23.9471,68.8476,32.0293,31.1293,97.0071,97.0262,0.0,0.0,0.0,0.0,49.3961,16.3814,0.0,31.5319,0.0,70.329,1.0,1.0,0.0,0.0,0.0,0.0,1.0,1.0,0.0,1.0,0.0,1.0,1
722.5,1.1117,4.4357,5.0953,3.8433,4.5,5.5,2.0281,2.975,34.6064,29.6118,74.9747,29.5723,88.1416,24.0269,108.5934,23.9103,68.9008,32.0819,31.1819,96.9588,96.9779,0.0,0.0,0.0,0.0,49.3638,16.3814,0.0,31.5057,0.0,70.223,1.0,1.0,0.0,0.0,0.0,0.0,1.0,1.0,0.0,1.0,0.0,1.0,1
722.75,1.1369,4.4910000000000005,5.0248,3.9843,4.5,5.5,2.2522,2.9751,34.6254,29.6625,74.9042,29.623,88.256,23.9904,108.5568,23.874000000000002,68.9538,32.1314,31.2314,96.9235,96.9426,0.0,0.0,0.0,0.0,49.3306,16.3814,0.0,31.4798,0.0,70.035,1.0,1.0,0.0,0.0,0.0,0.0,1.0,1.0,0.0,1.0,0.0,1.0,1
723.0,1.1623,4.546,4.9542,4.1249,4.5,5.5,2.4753,2.9752,34.8355,29.7818,75.9081,29.7433,89.6726,23.2723,106.9878,23.1548,67.6901,32.2521,31.3521,96.5322,96.5512,0.0,0.0,0.0,0.0,48.6447,17.517,0.0,31.6376,0.0,71.1776,1.0,1.0,0.0,0.0,0.0,0.0,1.0,1.0,0.0,1.0,0.0,1.0,1
723.25,1.1964,4.6058,4.8986,4.3162,4.5,5.5,2.8083,2.9753,34.8595,29.8382,75.8525,29.7997,89.8219,23.3277,107.0417,23.213,69.1351,32.3072,31.4072,96.4875,96.5065,0.0,0.0,0.0,0.0,48.5949,17.517,0.0,31.2334,0.0,71.0151,1.0,1.0,0.0,0.0,0.0,0.0,1.0,1.0,0.0,1.0,0.0,1.0,1
723.5,1.2307,4.6652,4.843,4.507,4.5,5.5,3.1395,2.9756,35.2566,31.9878,75.7969,31.9878,68.9326,23.2953,107.0092,23.1806,69.1307,34.2147,33.3147,95.7463,95.7651,0.0,0.0,0.0,0.0,0.0,17.517,0.0,31.2252,0.0,57.3389,1.0,1.0,0.0,0.0,0.0,0.0,0.0,1.0,0.0,1.0,0.0,1.0,1
723.75,1.2792,4.8174,4.7874,4.2869,4.5,5.5,3.4711,2.9756,35.2995,32.102,75.7413,32.102,68.7125,23.2635,106.9773,23.1488,69.1263,34.3266,33.4266,95.6663,95.685,0.0,0.0,0.0,0.0,0.0,17.517,0.0,31.2171,0.0,56.8305,1.0,1.0,0.0,0.0,0.0,0.0,0.0,1.0,0.0,1.0,0.0,1.0,1
724.0,1.3282,4.9682,4.7318,4.0668,4.5,5.5,3.8014,2.9760000000000004,35.7463,32.4137,75.7035,32.4137,68.6738,23.0429,104.7756,22.9285,69.02199999999999,34.6478,33.7478,94.8296,94.8481,0.0,0.0,0.0,0.0,0.0,19.8774,0.0,31.183000000000003,0.0,58.9575,1.0,1.0,0.0,0.0,0.0,0.0,0.0,1.0,0.0,1.0,0.0,1.0,1
724.25,1.3893,5.1246,4.6765,3.8538,4.5,5.5,4.1692,2.9761,35.7957,32.5349,75.6482,32.5349,68.4608,23.0147,104.7474,22.9003,69.0143,34.7669,33.8669,94.73700000000001,94.7554,0.0,0.0,0.0,0.0,0.0,19.8774,0.0,31.1769,0.0,58.4967,1.0,1.0,0.0,0.0,0.0,0.0,0.0,1.0,0.0,1.0,0.0,1.0,1
724.5,1.4507,5.2799,4.6212,3.6408,4.5,5.5,4.5355,2.9761,35.8452,32.6555,75.5928,32.6555,68.2478,22.6301,104.3624,22.5164,68.9342,34.8854,33.9854,94.6441,94.6626,0.0,0.0,0.0,0.0,0.0,19.8774,0.0,31.0872,0.0,58.0411,1.0,1.0,0.0,0.0,0.0,0.0,0.0,1.0,0.0,1.0,0.0,1.0,1
724.75,1.5126,5.4337,4.5658,3.4278,4.5,5.5,4.9002,2.9766,36.3318,33.1006,75.5375,33.1006,68.0348,22.584,104.3163,22.4703,68.9211,35.3478,34.4478,93.7293,93.7475,0.0,0.0,0.0,0.0,0.0,19.8774,0.0,31.0774,0.0,61.7825,1.0,1.0,0.0,0.0,0.0,0.0,0.0,1.0,0.0,1.0,0.0,1.0,1
725.0,1.6019999999999999,5.5974,4.5105,3.2148,4.5,5.4529,4.6748,2.9767,36.5072,33.2886,74.8164,33.2886,66.4839,21.506,100.3798,21.3928,68.1004,35.5372,34.6372,93.3988,93.4168,0.0,0.0,0.0,0.0,0.0,22.8032,0.0,31.0012,0.0,62.0854,1.0,1.0,0.0,0.0,0.0,0.0,0.0,1.0,0.0,1.0,0.0,1.0,1
725.25,1.6933,5.7620000000000005,4.4455,2.9533,4.5,5.3965,4.4121,2.9763,36.082,31.0818,74.7515,31.0412,88.2827,21.4519,100.3257,21.3387,68.0508,33.5836,32.6836,94.1994,94.2177,0.0,0.0,0.0,0.0,50.0505,22.8032,0.0,30.9999,0.0,75.2157,1.0,1.0,0.0,0.0,0.0,0.0,1.0,1.0,0.0,1.0,0.0,1.0,1
725.5,1.7711,5.8288,4.3806,3.115,4.5,5.3385,4.1517,2.9764,36.124,31.15,74.6865,31.1095,88.4166,21.3981,100.2719,21.2849,68.0012,33.6516,32.7516,94.1204,94.1387,0.0,0.0,0.0,0.0,50.0167,22.8032,0.0,30.9986,0.0,75.2145,1.0,1.0,0.0,0.0,0.0,0.0,1.0,1.0,0.0,1.0,0.0,1.0,1
725.75,1.8487,5.8956,4.3157,3.2765,4.5,5.2785,3.8939,2.9764,36.1659,31.2183,74.6216,31.1778,88.5504,21.3446,100.2183,21.2314,67.9516,33.7196,32.8196,94.0416,94.0598,0.0,0.0,0.0,0.0,49.9832,22.8032,0.0,30.9974,0.0,75.2121,1.0,1.0,0.0,0.0,0.0,0.0,1.0,1.0,0.0,1.0,0.0,1.0,1
726.0,1.9486,5.9,4.2507,3.4481,4.5,5.2167,3.6387,2.9767,36.4738,34.2754,74.9078,34.2336,90.0088,22.2606,104.7463,22.1502,70.2246,36.6654,35.7654,93.4618,93.4799,0.0,0.0,0.0,0.0,50.7914,19.0172,0.0,30.5912,0.0,50.7913,1.0,1.0,0.0,0.0,0.0,0.0,1.0,1.0,0.0,1.0,0.0,1.0,1
726.25,2.0346,5.9,4.1907,3.634,4.5,5.1452,3.3407,2.9767,36.5211,34.3547,74.8477,34.3131,90.1627,22.2164,104.7019,22.1062,70.2758,36.7443,35.8443,93.3726,93.3907,0.0,0.0,0.0,0.0,50.7542,19.0172,0.0,30.5623,0.0,50.7541,1.0,1.0,0.0,0.0,0.0,0.0,1.0,1.0,0.0,1.0,0.0,1.0,1
726.5,2.1205,5.9,4.1306,3.8197,4.5,5.0722,3.0446,2.9768,36.5684,34.434,74.7877,34.3924,90.3163,22.1724,104.6578,22.0624,70.3266,36.8232,35.9232,93.2834,93.3015,0.0,0.0,0.0,0.0,50.717,19.0172,0.0,30.5336,0.0,50.717,1.0,1.0,0.0,0.0,0.0,0.0,1.0,1.0,0.0,1.0,0.0,1.0,1
726.75,2.2063,5.9,4.0706,4.005,4.5,4.9974,2.7510000000000003,2.9768,36.6156,34.5132,74.7276,34.4716,90.4697,21.9879,104.4731,21.8783,70.3444,36.9019,36.0019,93.1944,93.2124,0.0,0.0,0.0,0.0,50.6798,19.0172,0.0,30.4722,0.0,50.6798,1.0,1.0,0.0,0.0,0.0,0.0,1.0,1.0,0.0,1.0,0.0,1.0,1
727.0,2.2919,5.9,4.0106,4.19,4.5,4.9208,2.4599,2.9763,36.0611,33.5294,72.6124,33.486999999999995,88.3502,20.0213,91.5939,19.9151,70.0447,35.9244,35.0244,94.2387,94.257,0.0,0.0,0.0,0.0,51.2437,28.8074,0.0,29.9596,0.0,51.2436,1.0,1.0,0.0,0.0,0.0,0.0,1.0,1.0,0.0,1.0,0.0,1.0,1
727.25,2.34,5.9,3.9253,4.2899,4.5,4.9855,2.5598,2.9763,36.0882,33.5749,72.5271,33.5325,88.4351,19.9569,91.5293,19.8508,70.0846,35.9697,35.0696,94.1876,94.2059,0.0,0.0,0.0,0.0,51.2243,28.8074,0.0,29.9271,0.0,51.2242,1.0,1.0,0.0,0.0,0.0,0.0,1.0,1.0,0.0,1.0,0.0,1.0,1
727.5,2.388,5.9,3.84,4.3896,4.5,5.0504,2.6592,2.9764,36.1154,33.6203,72.4418,33.578,88.5198,19.8925,91.4648,19.7867,70.124,36.0149,35.1148,94.1367,94.1549,0.0,0.0,0.0,0.0,51.205,28.8074,0.0,29.8948,0.0,51.2049,1.0,1.0,0.0,0.0,0.0,0.0,1.0,1.0,0.0,1.0,0.0,1.0,1
727.75,2.436,5.9,3.7547,4.4892,4.5,5.1154,2.7582,2.9764,36.1424,33.6657,72.3565,33.6233,88.6044,19.8282,91.4004,19.7226,70.1627,36.06,35.16,94.0857,94.104,0.0,0.0,0.0,0.0,51.1856,28.8074,0.0,29.8626,0.0,51.1856,1.0,1.0,0.0,0.0,0.0,0.0,1.0,1.0,0.0,1.0,0.0,1.0,1
728.0,2.4838,5.9,3.6694,4.5885,4.5,5.1806,2.8568,2.9778,37.7671,38.8736,70.4131,38.8736,63.7345,24.3873,112.1514,24.281,74.3881,40.9636,40.0636,91.0123,91.0296,0.0,0.0,0.0,0.0,0.0,10.9067,0.0,29.9666,0.0,-0.0001,1.0,1.0,0.0,0.0,0.0,0.0,0.0,1.0,0.0,1.0,0.0,1.0,1
728.25,2.5727,5.9,3.5658,4.2109,4.5,5.2149,2.8168,2.9778,37.8131,38.9471,70.3095,38.9471,63.3569,24.3963,112.1603,24.2904,74.5572,41.0371,40.1371,90.9247,90.9421,0.0,0.0,0.0,0.0,0.0,10.9067,0.0,29.9168,0.0,-0.0,1.0,1.0,0.0,0.0,0.0,0.0,0.0,1.0,0.0,1.0,0.0,1.0,1
728.5,2.6614,5.9,3.4622,3.8333,4.5,5.2488,2.778,2.9779,37.859,39.0205,70.206,39.0205,62.9793,24.4053,112.169,24.2996,74.7255,41.1105,40.2105,90.8374,90.8547,0.0,0.0,0.0,0.0,0.0,10.9067,0.0,29.866999999999997,0.0,-0.0001,1.0,1.0,0.0,0.0,0.0,0.0,0.0,1.0,0.0,1.0,0.0,1.0,1
728.75,2.7498,5.9,3.3587,3.4557,4.5,5.2822,2.7402,2.9779,37.9047,39.0937,70.1024,39.0937,62.6017,24.414,112.1776,24.3087,74.8929,41.1837,40.2837,90.7502,90.7675,0.0,0.0,0.0,0.0,0.0,10.9067,0.0,29.8174,0.0,-0.0001,1.0,1.0,0.0,0.0,0.0,0.0,0.0,1.0,0.0,1.0,0.0,1.0,1
729.0,2.838,5.9,3.2551,3.0781,4.5,5.3152,2.7035,2.9772,37.0855,38.2187,65.9592,38.2187,60.1727,22.379,102.1478,22.2742,73.09899999999999,40.3087,39.4087,92.3061,92.3239,0.0,0.0,0.0,0.0,0.0,21.9304,0.0,29.7417,0.0,-0.0,1.0,1.0,0.0,0.0,0.0,0.0,0.0,1.0,0.0,1.0,0.0,1.0,1
729.25,2.9082,5.9,3.1191,2.6529,4.5,5.3825,2.8209,2.9758,35.5238,33.0299,65.8232,32.9858,85.5667,27.2286,106.9382,27.2286,58.8999,35.4371,34.5371,95.2467,95.2653,0.0,0.0,0.0,0.0,52.3487,21.9304,0.0,0.0,0.0,52.3487,1.0,1.0,0.0,0.0,0.0,0.0,1.0,1.0,0.0,0.0,0.0,1.0,1
729.5,2.9244,5.9,2.9831,2.6705,4.5,5.4485,2.9337,2.9755,35.1776,29.9943,85.9725,30.0779,84.8585,27.2471,106.9567,27.2471,58.5782,32.9712,32.0712,95.8941,95.9129,0.0,38.3822,0.0,0.0,51.2844,21.9304,0.0,0.0,0.0,73.0874,1.0,1.0,0.0,1.0,0.0,0.0,1.0,1.0,0.0,0.0,0.0,1.0,1
729.75,2.918,5.8562,3.0804,2.6791,4.5,5.5,3.0603,2.9755,35.1733,29.9598,86.0275,30.0432,84.8563,27.2653,106.9749,27.2653,58.2593,32.9372,32.0372,95.9021,95.9209,0.0,38.3353,0.0,0.0,51.2684,21.9304,0.0,0.0,0.0,73.3469,1.0,1.0,0.0,1.0,0.0,0.0,1.0,1.0,0.0,0.0,0.0,1.0,1
730.0,2.9123,5.8131,3.1774,2.6875,4.5,5.5,3.2408,2.9754,34.997,29.9662,89.3848,30.0387,84.7684,27.4626,107.3549,27.4626,56.0282,32.9075,32.0075,96.2311,96.25,0.0,36.525999999999996,0.0,0.0,51.3094,21.7483,0.0,0.0,0.0,72.3322,1.0,1.0,0.0,1.0,0.0,0.0,1.0,1.0,0.0,0.0,0.0,1.0,1
730.25,2.9018,5.772,3.3024,2.6888,4.5,5.5,3.4043,2.9754,34.9882,29.9325,89.4513,30.0047,84.7612,27.4867,107.3789,27.4867,55.6344,32.8737,31.9737,96.2475,96.2664,0.0,36.4699,0.0,0.0,51.2962,21.7483,0.0,0.0,0.0,72.5209,1.0,1.0,0.0,1.0,0.0,0.0,1.0,1.0,0.0,0.0,0.0,1.0,1
730.5,2.8912,5.7315,3.427,2.69,4.5,5.5,3.5669999999999997,2.9754,34.9794,29.8992,89.5178,29.9711,84.7539,27.5104,107.4027,27.5104,55.2407,32.8403,31.9403,96.264,96.2829,0.0,36.4144,0.0,0.0,51.2833,21.7483,0.0,0.0,0.0,72.7049,1.0,1.0,0.0,1.0,0.0,0.0,1.0,1.0,0.0,0.0,0.0,1.0,1
730.75,2.8804,5.6919,3.5511,2.6911,4.5,5.5,3.7286,2.9754,34.9705,29.8664,89.5842,29.9381,84.7466,22.3045,102.2625,22.1883,67.3596,32.8075,31.9075,96.2805,96.2994,0.0,36.359,0.0,0.0,51.2706,21.7483,0.0,31.4531,0.0,72.8831,1.0,1.0,0.0,1.0,0.0,0.0,1.0,1.0,0.0,1.0,0.0,1.0,1
731.0,2.8696,5.6527,3.6751,2.6921,4.5,5.5,3.8895,2.9755,35.1465,29.8891,90.9778,29.9567,85.2343,22.4269,102.6325,22.3134,68.8852,32.8205,31.9205,95.9521,95.9709,0.0,35.584,0.0,0.0,51.0389,21.4969,0.0,31.0415,0.0,73.96600000000002,1.0,1.0,0.0,1.0,0.0,0.0,1.0,1.0,0.0,1.0,0.0,1.0,1
731.25,2.8636,5.6192,3.8088,2.7271,4.5,5.5,3.9332,2.9755,35.1406,29.8619,91.0495,29.9292,85.2532,22.4274,102.6329,22.3141,68.9749,32.793,31.893,95.9632,95.98200000000001,0.0,35.5274,0.0,0.0,51.0159,21.4969,0.0,31.0151,0.0,74.1361,1.0,1.0,0.0,1.0,0.0,0.0,1.0,1.0,0.0,1.0,0.0,1.0,1
731.5,2.8574,5.5862,3.9422,2.7619,4.5,5.5,3.9766,2.9755,35.1346,29.8351,91.1212,29.9021,85.272,22.4442,102.6497,22.3311,69.0669,32.766,31.866,95.9743,95.9932,0.0,35.4709,0.0,0.0,50.9931,21.4969,0.0,30.9928,0.0,74.3015,1.0,1.0,0.0,1.0,0.0,0.0,1.0,1.0,0.0,1.0,0.0,1.0,1
731.75,2.8511,5.5539,4.0752,2.7965,4.5,5.5,4.0198,2.9755,35.1286,29.8088,91.1929,29.8755,85.2908,22.4503,102.6557,22.3373,69.1569,32.7393,31.8393,95.9855,96.0044,0.0,35.4145,0.0,0.0,50.9706,21.4969,0.0,30.9679,0.0,74.4622,1.0,1.0,0.0,1.0,0.0,0.0,1.0,1.0,0.0,1.0,0.0,1.0,1
732.0,2.8446,5.5223,4.2079,2.8309,4.5,5.5,4.0627,2.9759,35.5692,29.8426,90.6056,29.9128,87.279,22.936,105.4806,22.8217,68.9855,32.7847,31.8847,95.1616,95.1802,0.0,35.7699,0.0,0.0,49.9865,18.9507,0.0,31.1622,0.0,77.3709,1.0,1.0,0.0,1.0,0.0,0.0,1.0,1.0,0.0,1.0,0.0,1.0,1
732.25,2.8566,5.5001,4.3352,2.9654,4.5,5.5,4.257,2.9759,35.5725,29.8262,90.6789,29.8962,87.3697,22.9452,105.4899,22.8311,69.0625,32.768,31.868000000000002,95.1553,95.1739,0.0,35.7189,0.0,0.0,49.9315,18.9507,0.0,31.1423,0.0,77.5752,1.0,1.0,0.0,1.0,0.0,0.0,1.0,1.0,0.0,1.0,0.0,1.0,1
732.5,2.8683,5.4786,4.4622,3.0995,4.5,5.5,4.4504,2.9759,35.5759,29.8105,90.7522,29.8802,87.4602,22.9549,105.4995,22.8409,69.1394,32.751999999999995,31.851999999999997,95.1491,95.1676,0.0,35.6681,0.0,0.0,49.8768,18.9507,0.0,31.1225,0.0,77.7738,1.0,1.0,0.0,1.0,0.0,0.0,1.0,1.0,0.0,1.0,0.0,1.0,1
732.75,2.8798,5.4579999999999975,4.5889,3.2332,4.5,5.5,4.6429,2.9759,35.5792,29.7953,90.8255,29.8649,87.5505,23.147,105.68799999999999,23.0391,72.3542,32.7365,31.8365,95.1428,95.1613,0.0,35.6175,0.0,0.0,49.8224,18.9507,0.0,30.2121,0.0,77.9669,1.0,1.0,0.0,1.0,0.0,0.0,1.0,1.0,0.0,1.0,0.0,1.0,1
733.0,2.8965,5.4397,4.7152,3.3663,4.5,5.4860000000000015,4.732,2.9753,34.8881,29.7174,91.5309,29.7835,86.3335,22.4676,101.9929,22.3572,70.4298,32.6368,31.7368,96.4341,96.4531,0.0,35.1663,0.0,0.0,50.4019,22.1737,0.0,30.5917,0.0,74.3011,1.0,1.0,0.0,1.0,0.0,0.0,1.0,1.0,0.0,1.0,0.0,1.0,1
733.25,2.9025,5.4098,4.8462,3.4367,4.5,5.3977,4.3009,2.9753,34.8884,29.6945,91.6028,29.7604,86.3786,22.4778,102.00299999999999,22.3675,70.4912,32.6138,31.7138,96.4336,96.4525,0.0,35.1113,0.0,0.0,50.3674,22.1737,0.0,30.5762,0.0,74.5206,1.0,1.0,0.0,1.0,0.0,0.0,1.0,1.0,0.0,1.0,0.0,1.0,1
733.5,2.9082,5.3808,4.9768,3.5068,4.5,5.307,3.873,2.9753,34.8887,29.6722,91.6746,29.7379,86.4236,22.4883,102.0134,22.378,70.5522,32.5914,31.6914,96.4331,96.4521,0.0,35.0566,0.0,0.0,50.3332,22.1737,0.0,30.5609,0.0,74.7335,1.0,1.0,0.0,1.0,0.0,0.0,1.0,1.0,0.0,1.0,0.0,1.0,1
733.75,2.9136,5.3525,5.1071,3.5767,4.5,5.2143,3.4478,2.9753,34.8889,29.6504,91.7464,29.7158,86.4686,22.4991,102.0241,22.3889,70.6129,32.5695,31.6695,96.4327,96.4517,0.0,35.001999999999995,0.0,0.0,50.2992,22.1737,0.0,30.5458,0.0,74.941,1.0,1.0,0.0,1.0,0.0,0.0,1.0,1.0,0.0,1.0,0.0,1.0,1
734.0,2.9188,5.325,5.237,3.6462,4.5,5.1196,3.0254,2.9753,34.8628,29.6131,91.3253,29.6793,85.9576,21.8387,98.0222,21.7323,71.7889,32.5399,31.6399,96.4813,96.5003,0.0,35.2251,0.0,0.0,50.5391,25.2057,0.0,29.9824,0.0,75.1984,1.0,1.0,0.0,1.0,0.0,0.0,1.0,1.0,0.0,1.0,0.0,1.0,1
734.25,2.9283,5.2972,5.3628,3.6829,4.5,5.0202,2.5947,2.9753,34.9196,30.4755,73.6816,30.4338,86.1805,21.8414,98.0249,21.7353,71.89,32.9651,32.0651,96.3756,96.3945,0.0,0.0,0.0,0.0,50.8056,25.2057,0.0,29.9518,0.0,72.0424,1.0,1.0,0.0,0.0,0.0,0.0,1.0,1.0,0.0,1.0,0.0,1.0,1
734.5,2.9143,5.3505,5.2745,3.7218,4.5,5.0421,2.5526,2.9752,34.7932,30.4723,73.5933,30.4306,86.2084,21.945,98.1285,21.8389,72.0157,32.9521,32.0521,96.6112,96.6302,0.0,0.0,0.0,0.0,50.79,25.2057,0.0,29.9449,0.0,70.2026,1.0,1.0,0.0,0.0,0.0,0.0,1.0,1.0,0.0,1.0,0.0,1.0,1
734.75,2.8930000000000002,5.402,5.1862,3.7606,4.5,5.0987,2.6199,2.9752,34.7884,30.5111,73.505,30.4694,86.2472,21.9688,98.1522,21.8629,72.1214,32.9885,32.0885,96.62,96.639,0.0,0.0,0.0,0.0,50.79,25.2057,0.0,29.9194,0.0,69.7695,1.0,1.0,0.0,0.0,0.0,0.0,1.0,1.0,0.0,1.0,0.0,1.0,1
735.0,2.8723,5.4524,5.0979,3.7994,4.5,5.1553,2.6868,2.9755,35.172,30.6225,71.8853,30.581,86.6031,21.4282,96.5254,21.3183,69.6543,33.1089,32.2089,95.9045,95.9233,0.0,0.0,0.0,0.0,50.6678,26.1075,0.0,30.5118,0.0,71.62,1.0,1.0,0.0,0.0,0.0,0.0,1.0,1.0,0.0,1.0,0.0,1.0,1
735.25,2.8668,5.5078,4.9948,3.8564,4.5,5.2125,2.7560000000000002,2.9755,35.1743,30.6664,71.7822,30.6249,86.6566,21.43,96.5272,21.3201,69.6537,33.1508,32.2508,95.9001,95.9189,0.0,0.0,0.0,0.0,50.6629,26.1075,0.0,30.5125,0.0,71.2473,1.0,1.0,0.0,0.0,0.0,0.0,1.0,1.0,0.0,1.0,0.0,1.0,1
735.5,2.8617,5.5625,4.8916,3.9133,4.5,5.2697,2.8249,2.9755,35.1768,30.7098,71.679,30.6683,86.7099,21.3447,96.4419,21.235,69.6352,33.1922,32.2922,95.8955,95.9143,0.0,0.0,0.0,0.0,50.658,26.1075,0.0,30.4923,0.0,70.88,1.0,1.0,0.0,0.0,0.0,0.0,1.0,1.0,0.0,1.0,0.0,1.0,1
735.75,2.8571,5.6161,4.7884,3.9701,4.5,5.3268,2.8935,2.9755,35.1794,30.7526,71.5759,30.7111,86.7631,21.3331,96.4302,21.2233,69.6315,33.2331,32.3331,95.8906,95.9094,0.0,0.0,0.0,0.0,50.6528,26.1075,0.0,30.4898,0.0,70.51899999999998,1.0,1.0,0.0,0.0,0.0,0.0,1.0,1.0,0.0,1.0,0.0,1.0,1
736.0,2.8529,5.6689,4.6853,4.027,4.5,5.3839,2.9617,2.9754,34.9924,30.761,73.0647,30.7194,86.56299999999996,20.6684,92.3577,20.5589,69.084,33.235,32.335,96.2398,96.2587,0.0,0.0,0.0,0.0,50.7572,28.7239,0.0,30.4543,0.0,69.1436,1.0,1.0,0.0,0.0,0.0,0.0,1.0,1.0,0.0,1.0,0.0,1.0,1
736.25,2.8443,5.7177,4.5976,4.0691,4.5,5.4335,2.9941,2.9754,34.9927,30.7997,72.977,30.75800000000001,86.6042,20.6518,92.3411,20.5422,69.0555,33.2718,32.3718,96.2392,96.2581,0.0,0.0,0.0,0.0,50.7559,28.7239,0.0,30.4579,0.0,68.7817,1.0,1.0,0.0,0.0,0.0,0.0,1.0,1.0,0.0,1.0,0.0,1.0,1
736.5,2.8361,5.7653,4.51,4.1112,4.5,5.4829,3.0264,2.9754,34.9932,30.8376,72.8894,30.7959,86.6452,20.6353,92.3246,20.5258,69.0271,33.3079,32.4079,96.2382,96.2571,0.0,0.0,0.0,0.0,50.7543,28.7239,0.0,30.4615,0.0,68.4275,1.0,1.0,0.0,0.0,0.0,0.0,1.0,1.0,0.0,1.0,0.0,1.0,1
736.75,2.8289,5.8121,4.4223,4.1533,4.5,5.5,3.0936,2.9754,34.9959,30.8755,72.8017,30.8339,86.6862,20.6192,92.3085,20.5096,68.9988,33.3442,32.4442,96.2332,96.2521,0.0,0.0,0.0,0.0,50.7528,28.7239,0.0,30.4652,0.0,68.1059,1.0,1.0,0.0,0.0,0.0,0.0,1.0,1.0,0.0,1.0,0.0,1.0,1
737.0,2.8222,5.8581,4.3347,4.1954,4.5,5.5,3.1791,2.9755,35.1059,30.9339,71.7468,30.8924,86.9607,20.8095,93.9085,20.6999,69.1989,33.4034,32.5034,96.0278,96.0467,0.0,0.0,0.0,0.0,50.6446,27.676,0.0,30.4622,0.0,68.4187,1.0,1.0,0.0,0.0,0.0,0.0,1.0,1.0,0.0,1.0,0.0,1.0,1
908.25,1.1691,4.3926,3.6715,3.9401,4.5,5.5,3.5204,2.9631,43.4741,29.7611,70.2205,29.7198,86.0093,20.7939,93.8929,20.6844,69.1813,32.2766,31.3766,79.8634,79.8777,79.8634,0.0,0.0,0.0,50.5334,27.676,0.0,30.4628,0.0,77.0641,1.0,1.0,1.0,0.0,0.0,0.0,1.0,1.0,0.0,1.0,0.0,1.0,1
