DATETIME,Row,1_FIT_001_PV,1_LT_001_PV,1_MV_001_STATUS,1_MV_002_STATUS,1_MV_003_STATUS,1_MV_004_STATUS,1_P_001_STATUS,1_P_002_STATUS,1_P_003_STATUS,1_P_004_STATUS,1_P_005_STATUS,1_P_006_STATUS,2_DPIT_001_PV,2_FIC_101_CO,2_FIC_101_PV,2_FIC_101_SP,2_FIC_201_CO,2_FIC_201_PV,2_FIC_201_SP,2_FIC_301_CO,2_FIC_301_PV,2_FIC_301_SP,2_FIC_401_CO,2_FIC_401_PV,2_FIC_401_SP,2_FIC_501_CO,2_FIC_501_PV,2_FIC_501_SP,2_FIC_601_CO,2_FIC_601_PV,2_FIC_601_SP,2_FIT_001_PV,2_FIT_002_PV,2_FIT_003_PV,2_FQ_101_PV,2_FQ_201_PV,2_FQ_301_PV,2_FQ_401_PV,2_FQ_501_PV,2_FQ_601_PV,2_LS_101_AH,2_LS_101_AL,2_LS_201_AH,2_LS_201_AL,2_LS_301_AH,2_LS_301_AL,2_LS_401_AH,2_LS_401_AL,2_LS_501_AH,2_LS_501_AL,2_LS_601_AH,2_LS_601_AL,2_LT_001_PV,2_LT_002_PV,2_MCV_007_CO,2_MCV_101_CO,2_MCV_201_CO,2_MCV_301_CO,2_MCV_401_CO,2_MCV_501_CO,2_MCV_601_CO,2_MV_001_STATUS,2_MV_002_STATUS,2_MV_003_STATUS,2_MV_004_STATUS,2_MV_005_STATUS,2_MV_006_STATUS,2_MV_009_STATUS,2_MV_101_STATUS,2_MV_201_STATUS,2_MV_301_STATUS,2_MV_401_STATUS,2_MV_501_STATUS,2_MV_601_STATUS,2_P_003_SPEED,2_P_003_STATUS,2_P_004_SPEED,2_P_004_STATUS,2_PIC_003_CO,2_PIC_003_PV,2_PIC_003_SP,2_PIT_001_PV,2_PIT_002_PV,2_PIT_003_PV,\\WIN-25J4RO10SBF\LOG_DATA\SUTD_WADI\LOG_DATA\TOTAL_CONS_REQUIRED_FLOW,ATT_FLAG
2017-10-11 12:07:30,1101849,0.00140026,63.0468,1,1,1,2,1,1,1,1,1,1,2512.81,100.0,0.045522,0.2,39.3326,0.208119,0.21,100.0,0.0606203,0.39,36.3617,0.215036,0.22,35.2093,0.202536,0.21,100.0,0.0172486,0.49,0.0,0.539613,0.0,0.045522,0.208119,0.0606203,0.215036,0.202536,0.0172486,0,0,0,0,0,0,0,0,0,0,0,0,70.3207,73.1358,0,0.0,35.1814,36.3821,0.0,39.3483,0.0,1,1,1,2,2,1,2,2,1,2,1,1,2,-0.0140674,1,0.0275582,1,50.0,0.0224887,1,151.16,88.9794,0.0224887,0.64,True
2017-10-11 12:07:31,1101850,0.00127979,62.947,1,1,1,2,1,1,1,1,1,1,2513.66,100.0,0.045522,0.2,39.3677,0.207302,0.21,100.0,0.0606203,0.39,36.3703,0.218,0.22,35.2512,0.205338,0.21,100.0,0.0172486,0.49,0.0,0.529691,0.0,0.045522,0.209303,0.0606203,0.215361,0.200469,0.0172486,0,0,0,0,0,0,0,0,0,0,0,0,70.2972,73.1561,0,0.0,35.258,36.3912,0.0,39.3631,0.0,1,1,1,2,2,1,2,2,1,2,1,1,2,-0.0158787,1,0.0261486,1,50.0,0.0228477,1,151.141,89.1782,0.0226116,0.64,True
2017-10-11 12:07:32,1101851,0.00127979,62.947,1,1,1,2,1,1,1,1,1,1,2513.66,100.0,0.045522,0.2,39.3677,0.207302,0.21,100.0,0.0606203,0.39,36.3703,0.218,0.22,35.2512,0.205338,0.21,100.0,0.0172486,0.49,0.0,0.529691,0.0,0.045522,0.209303,0.0606203,0.215361,0.200469,0.0172486,0,0,0,0,0,0,0,0,0,0,0,0,70.2972,73.1561,0,0.0,35.258,36.3912,0.0,39.3631,0.0,1,1,1,2,2,1,2,2,1,2,1,1,2,-0.0158787,1,0.0261486,1,50.0,0.0228477,1,151.141,89.1782,0.0226116,0.64,True
2017-10-11 12:07:33,1101852,0.00127979,62.947,1,1,1,2,1,1,1,1,1,1,2513.66,100.0,0.045522,0.2,39.3677,0.207302,0.21,100.0,0.0606203,0.39,36.3703,0.218,0.22,35.2512,0.205338,0.21,100.0,0.0172486,0.49,0.0,0.529691,0.0,0.045522,0.209303,0.0606203,0.215361,0.200469,0.0172486,0,0,0,0,0,0,0,0,0,0,0,0,70.2972,73.1561,0,0.0,35.258,36.3912,0.0,39.3631,0.0,1,1,1,2,2,1,2,2,1,2,1,1,2,-0.0158787,1,0.0261486,1,50.0,0.0228477,1,151.141,89.1782,0.0226116,0.64,True
2017-10-11 12:07:34,1101853,0.00127979,62.947,1,1,1,2,1,1,1,1,1,1,2513.66,100.0,0.045522,0.2,39.3677,0.207302,0.21,100.0,0.0606203,0.39,36.3703,0.218,0.22,35.2512,0.205338,0.21,100.0,0.0172486,0.49,0.0,0.529691,0.0,0.045522,0.209303,0.0606203,0.215361,0.200469,0.0172486,0,0,0,0,0,0,0,0,0,0,0,0,70.2972,73.1561,0,0.0,35.258,36.3912,0.0,39.3631,0.0,1,1,1,2,2,1,2,2,1,2,1,1,2,-0.0158787,1,0.0261486,1,50.0,0.0228477,1,151.141,89.1782,0.0226116,0.64,True
2017-10-11 12:07:35,1101854,0.00127979,62.947,1,1,1,2,1,1,1,1,1,1,2513.66,100.0,0.045522,0.2,39.3677,0.207302,0.21,100.0,0.0606203,0.39,36.3703,0.218,0.22,35.2512,0.205338,0.21,100.0,0.0172486,0.49,0.0,0.529691,0.0,0.045522,0.209303,0.0606203,0.215361,0.200469,0.0172486,0,0,0,0,0,0,0,0,0,0,0,0,70.2972,73.1561,0,0.0,35.258,36.3912,0.0,39.3631,0.0,1,1,1,2,2,1,2,2,1,2,1,1,2,-0.0158787,1,0.0261486,1,50.0,0.0228477,1,151.141,89.1782,0.0226116,0.64,True
2017-10-11 12:07:36,1101855,0.00127979,62.947,1,1,1,2,1,1,1,1,1,1,2513.66,100.0,0.045522,0.2,39.3677,0.207302,0.21,100.0,0.0606203,0.39,36.3703,0.218,0.22,35.2512,0.205338,0.21,100.0,0.0172486,0.49,0.0,0.529691,0.0,0.045522,0.209303,0.0606203,0.215361,0.200469,0.0172486,0,0,0,0,0,0,0,0,0,0,0,0,70.2972,73.1561,0,0.0,35.258,36.3912,0.0,39.3631,0.0,1,1,1,2,2,1,2,2,1,2,1,1,2,-0.0158787,1,0.0261486,1,50.0,0.0228477,1,151.141,89.1782,0.0226116,0.64,True
2017-10-11 12:07:37,1101856,0.00141583,63.0022,1,1,1,2,1,1,1,1,1,1,2515.38,100.0,0.045522,0.2,39.3798,0.208697,0.21,100.0,0.0606203,0.39,36.4402,0.215786,0.22,35.3344,0.203273,0.21,100.0,0.0172486,0.49,0.0,0.5388430000000001,0.0,0.045522,0.205397,0.0606203,0.213939,0.20337,0.0172486,0,0,0,0,0,0,0,0,0,0,0,0,70.2811,73.3216,0,0.0,35.3344,36.4402,0.0,39.3798,0.0,1,1,1,2,2,1,2,2,1,2,1,1,2,-0.017771900000000004,1,0.027148400000000003,1,50.0,0.0226038,1,151.207,88.95700000000002,0.0226038,0.64,True
2017-10-11 12:07:38,1101857,0.00141583,63.0022,1,1,1,2,1,1,1,1,1,1,2515.38,100.0,0.045522,0.2,39.3798,0.208697,0.21,100.0,0.0606203,0.39,36.4402,0.215786,0.22,35.3344,0.203273,0.21,100.0,0.0172486,0.49,0.0,0.5388430000000001,0.0,0.045522,0.205397,0.0606203,0.213939,0.20337,0.0172486,0,0,0,0,0,0,0,0,0,0,0,0,70.2811,73.3216,0,0.0,35.3344,36.4402,0.0,39.3798,0.0,1,1,1,2,2,1,2,2,1,2,1,1,2,-0.017771900000000004,1,0.027148400000000003,1,50.0,0.0226038,1,151.207,88.95700000000002,0.0226038,0.64,True
2017-10-11 12:07:39,1101858,0.00141583,63.0022,1,1,1,2,1,1,1,1,1,1,2515.38,100.0,0.045522,0.2,39.3798,0.208697,0.21,100.0,0.0606203,0.39,36.4402,0.215786,0.22,35.3344,0.203273,0.21,100.0,0.0172486,0.49,0.0,0.5388430000000001,0.0,0.045522,0.205397,0.0606203,0.213939,0.20337,0.0172486,0,0,0,0,0,0,0,0,0,0,0,0,70.2811,73.3216,0,0.0,35.3344,36.4402,0.0,39.3798,0.0,1,1,1,2,2,1,2,2,1,2,1,1,2,-0.017771900000000004,1,0.027148400000000003,1,50.0,0.0226038,1,151.207,88.95700000000002,0.0226038,0.64,True
2017-10-11 12:07:40,1101859,0.00141583,63.0022,1,1,1,2,1,1,1,1,1,1,2515.38,100.0,0.045522,0.2,39.3798,0.208697,0.21,100.0,0.0606203,0.39,36.4402,0.215786,0.22,35.3344,0.203273,0.21,100.0,0.0172486,0.49,0.0,0.5388430000000001,0.0,0.045522,0.205397,0.0606203,0.213939,0.20337,0.0172486,0,0,0,0,0,0,0,0,0,0,0,0,70.2811,73.3216,0,0.0,35.3344,36.4402,0.0,39.3798,0.0,1,1,1,2,2,1,2,2,1,2,1,1,2,-0.017771900000000004,1,0.027148400000000003,1,50.0,0.0226038,1,151.207,88.95700000000002,0.0226038,0.64,True
2017-10-11 12:07:41,1101860,0.00141583,63.0022,1,1,1,2,1,1,1,1,1,1,2515.38,100.0,0.045522,0.2,39.3798,0.208697,0.21,100.0,0.0606203,0.39,36.4402,0.215786,0.22,35.3344,0.203273,0.21,100.0,0.0172486,0.49,0.0,0.5388430000000001,0.0,0.045522,0.205397,0.0606203,0.213939,0.20337,0.0172486,0,0,0,0,0,0,0,0,0,0,0,0,70.2811,73.3216,0,0.0,35.3344,36.4402,0.0,39.3798,0.0,1,1,1,2,2,1,2,2,1,2,1,1,2,-0.017771900000000004,1,0.027148400000000003,1,50.0,0.0226038,1,151.207,88.95700000000002,0.0226038,0.64,True
2017-10-11 12:07:42,1101861,0.0011420999999999998,63.1708,1,1,1,2,1,1,1,1,1,1,2512.34,100.0,0.045522,0.2,39.4356,0.205665,0.21,100.0,0.0606203,0.39,36.4865,0.21512,0.22,35.3687,0.206198,0.21,100.0,0.0172486,0.49,0.0,0.5318430000000001,0.0,0.045522,0.207145,0.0606203,0.216038,0.202932,0.0172486,0,0,0,0,0,0,0,0,0,0,0,0,70.2412,73.7,0,0.0,35.3687,36.4865,0.0,39.4356,0.0,1,1,1,2,2,1,2,2,1,2,1,1,2,-0.017075200000000002,1,0.0280991,1,50.0,0.0226421,1,151.002,88.7385,0.0226421,0.64,True
2017-10-11 12:07:43,1101862,0.0011420999999999998,63.1708,1,1,1,2,1,1,1,1,1,1,2512.34,100.0,0.045522,0.2,39.4356,0.205665,0.21,100.0,0.0606203,0.39,36.4865,0.21512,0.22,35.3687,0.206198,0.21,100.0,0.0172486,0.49,0.0,0.5318430000000001,0.0,0.045522,0.207145,0.0606203,0.216038,0.202932,0.0172486,0,0,0,0,0,0,0,0,0,0,0,0,70.2412,73.7,0,0.0,35.3687,36.4865,0.0,39.4356,0.0,1,1,1,2,2,1,2,2,1,2,1,1,2,-0.017075200000000002,1,0.0280991,1,50.0,0.0226421,1,151.002,88.7385,0.0226421,0.64,True
2017-10-11 12:07:44,1101863,0.0011420999999999998,63.1708,1,1,1,2,1,1,1,1,1,1,2512.34,100.0,0.045522,0.2,39.4356,0.205665,0.21,100.0,0.0606203,0.39,36.4865,0.21512,0.22,35.3687,0.206198,0.21,100.0,0.0172486,0.49,0.0,0.5318430000000001,0.0,0.045522,0.207145,0.0606203,0.216038,0.202932,0.0172486,0,0,0,0,0,0,0,0,0,0,0,0,70.2412,73.7,0,0.0,35.3687,36.4865,0.0,39.4356,0.0,1,1,1,2,2,1,2,2,1,2,1,1,2,-0.017075200000000002,1,0.0280991,1,50.0,0.0226421,1,151.002,88.7385,0.0226421,0.64,True
2017-10-11 12:07:45,1101864,0.0011420999999999998,63.1708,1,1,1,2,1,1,1,1,1,1,2512.34,100.0,0.045522,0.2,39.4356,0.205665,0.21,100.0,0.0606203,0.39,36.4865,0.21512,0.22,35.3687,0.206198,0.21,100.0,0.0172486,0.49,0.0,0.5318430000000001,0.0,0.045522,0.207145,0.0606203,0.216038,0.202932,0.0172486,0,0,0,0,0,0,0,0,0,0,0,0,70.2412,73.7,0,0.0,35.3687,36.4865,0.0,39.4356,0.0,1,1,1,2,2,1,2,2,1,2,1,1,2,-0.017075200000000002,1,0.0280991,1,50.0,0.0226421,1,151.002,88.7385,0.0226421,0.64,True
2017-10-11 12:07:46,1101865,0.0011420999999999998,63.1708,1,1,1,2,1,1,1,1,1,1,2512.34,100.0,0.045522,0.2,39.4356,0.205665,0.21,100.0,0.0606203,0.39,36.4865,0.21512,0.22,35.3687,0.206198,0.21,100.0,0.0172486,0.49,0.0,0.5318430000000001,0.0,0.045522,0.207145,0.0606203,0.216038,0.202932,0.0172486,0,0,0,0,0,0,0,0,0,0,0,0,70.2412,73.7,0,0.0,35.3687,36.4865,0.0,39.4356,0.0,1,1,1,2,2,1,2,2,1,2,1,1,2,-0.017075200000000002,1,0.0280991,1,50.0,0.0226421,1,151.002,88.7385,0.0226421,0.64,True
2017-10-11 12:07:47,1101866,0.0011420999999999998,63.1708,1,1,1,2,1,1,1,1,1,1,2512.34,100.0,0.045522,0.2,39.4356,0.205665,0.21,100.0,0.0606203,0.39,36.4865,0.21512,0.22,35.3687,0.206198,0.21,100.0,0.0172486,0.49,0.0,0.5318430000000001,0.0,0.045522,0.207145,0.0606203,0.216038,0.202932,0.0172486,0,0,0,0,0,0,0,0,0,0,0,0,70.2412,73.7,0,0.0,35.3687,36.4865,0.0,39.4356,0.0,1,1,1,2,2,1,2,2,1,2,1,1,2,-0.017075200000000002,1,0.0280991,1,50.0,0.0226421,1,151.002,88.7385,0.0226421,0.64,True
2017-10-11 12:07:48,1101867,0.00127651,63.0962,1,1,1,2,1,1,1,1,1,1,2516.91,100.0,0.045522,0.2,39.4278,0.208753,0.21,100.0,0.0606203,0.39,36.5831,0.210848,0.22,35.4721,0.202161,0.21,100.0,0.0172486,0.49,0.0,0.535172,0.0,0.045522,0.206104,0.0606203,0.213238,0.205495,0.0172486,0,0,0,0,0,0,0,0,0,0,0,0,70.2334,74.0715,0,0.0,35.4425,36.5278,0.0,39.4509,0.0,1,1,1,2,2,1,2,2,1,2,1,1,2,-0.014969,1,0.0284843,1,50.0,0.0227641,1,150.996,88.6886,0.0227021,0.64,True
2017-10-11 12:07:49,1101868,0.00127651,63.0962,1,1,1,2,1,1,1,1,1,1,2516.91,100.0,0.045522,0.2,39.4278,0.208753,0.21,100.0,0.0606203,0.39,36.5831,0.210848,0.22,35.4721,0.202161,0.21,100.0,0.0172486,0.49,0.0,0.535172,0.0,0.045522,0.206104,0.0606203,0.213238,0.205495,0.0172486,0,0,0,0,0,0,0,0,0,0,0,0,70.2334,74.0715,0,0.0,35.4425,36.5278,0.0,39.4509,0.0,1,1,1,2,2,1,2,2,1,2,1,1,2,-0.014969,1,0.0284843,1,50.0,0.0227641,1,150.996,88.6886,0.0227021,0.64,True
2017-10-11 12:07:50,1101869,0.00127651,63.0962,1,1,1,2,1,1,1,1,1,1,2516.91,100.0,0.045522,0.2,39.4278,0.208753,0.21,100.0,0.0606203,0.39,36.5831,0.210848,0.22,35.4721,0.202161,0.21,100.0,0.0172486,0.49,0.0,0.535172,0.0,0.045522,0.206104,0.0606203,0.213238,0.205495,0.0172486,0,0,0,0,0,0,0,0,0,0,0,0,70.2334,74.0715,0,0.0,35.4425,36.5278,0.0,39.4509,0.0,1,1,1,2,2,1,2,2,1,2,1,1,2,-0.014969,1,0.0284843,1,50.0,0.0227641,1,150.996,88.6886,0.0227021,0.64,True
2017-10-11 12:07:51,1101870,0.00127651,63.0962,1,1,1,2,1,1,1,1,1,1,2516.91,100.0,0.045522,0.2,39.4278,0.208753,0.21,100.0,0.0606203,0.39,36.5831,0.210848,0.22,35.4721,0.202161,0.21,100.0,0.0172486,0.49,0.0,0.535172,0.0,0.045522,0.206104,0.0606203,0.213238,0.205495,0.0172486,0,0,0,0,0,0,0,0,0,0,0,0,70.2334,74.0715,0,0.0,35.4425,36.5278,0.0,39.4509,0.0,1,1,1,2,2,1,2,2,1,2,1,1,2,-0.014969,1,0.0284843,1,50.0,0.0227641,1,150.996,88.6886,0.0227021,0.64,True
2017-10-11 12:07:52,1101871,0.00127651,63.0962,1,1,1,2,1,1,1,1,1,1,2516.91,100.0,0.045522,0.2,39.4278,0.208753,0.21,100.0,0.0606203,0.39,36.5831,0.210848,0.22,35.4721,0.202161,0.21,100.0,0.0172486,0.49,0.0,0.535172,0.0,0.045522,0.206104,0.0606203,0.213238,0.205495,0.0172486,0,0,0,0,0,0,0,0,0,0,0,0,70.2334,74.0715,0,0.0,35.4425,36.5278,0.0,39.4509,0.0,1,1,1,2,2,1,2,2,1,2,1,1,2,-0.014969,1,0.0284843,1,50.0,0.0227641,1,150.996,88.6886,0.0227021,0.64,True
2017-10-11 12:07:53,1101872,0.00127651,63.0962,1,1,1,2,1,1,1,1,1,1,2516.91,100.0,0.045522,0.2,39.4278,0.208753,0.21,100.0,0.0606203,0.39,36.5831,0.210848,0.22,35.4721,0.202161,0.21,100.0,0.0172486,0.49,0.0,0.535172,0.0,0.045522,0.206104,0.0606203,0.213238,0.205495,0.0172486,0,0,0,0,0,0,0,0,0,0,0,0,70.2334,74.0715,0,0.0,35.4425,36.5278,0.0,39.4509,0.0,1,1,1,2,2,1,2,2,1,2,1,1,2,-0.014969,1,0.0284843,1,50.0,0.0227641,1,150.996,88.6886,0.0227021,0.64,True
2017-10-11 12:07:54,1101873,0.00135355,63.0747,1,1,1,2,1,1,1,1,1,1,2516.07,100.0,0.045522,0.2,39.4544,0.208612,0.21,100.0,0.0606203,0.39,36.6016,0.214372,0.22,35.5093,0.204792,0.21,100.0,0.0172486,0.49,0.0,0.5296890000000001,0.0,0.045522,0.205297,0.0606203,0.216744,0.204998,0.0172486,0,0,0,0,0,0,0,0,0,0,0,0,70.2339,74.3395,0,0.0,35.518,36.5646,0.0,39.481,0.0,1,1,1,2,2,1,2,2,1,2,1,1,2,-0.014551,1,0.026804200000000004,1,50.0,0.0224366,1,150.965,88.7595,0.02253,0.64,True
2017-10-11 12:07:55,1101874,0.00135355,63.0747,1,1,1,2,1,1,1,1,1,1,2516.07,100.0,0.045522,0.2,39.4544,0.208612,0.21,100.0,0.0606203,0.39,36.6016,0.214372,0.22,35.5093,0.204792,0.21,100.0,0.0172486,0.49,0.0,0.5296890000000001,0.0,0.045522,0.205297,0.0606203,0.216744,0.204998,0.0172486,0,0,0,0,0,0,0,0,0,0,0,0,70.2339,74.3395,0,0.0,35.518,36.5646,0.0,39.481,0.0,1,1,1,2,2,1,2,2,1,2,1,1,2,-0.014551,1,0.026804200000000004,1,50.0,0.0224366,1,150.965,88.7595,0.02253,0.64,True
2017-10-11 12:07:56,1101875,0.00135355,63.0747,1,1,1,2,1,1,1,1,1,1,2516.07,100.0,0.045522,0.2,39.4544,0.208612,0.21,100.0,0.0606203,0.39,36.6016,0.214372,0.22,35.5093,0.204792,0.21,100.0,0.0172486,0.49,0.0,0.5296890000000001,0.0,0.045522,0.205297,0.0606203,0.216744,0.204998,0.0172486,0,0,0,0,0,0,0,0,0,0,0,0,70.2339,74.3395,0,0.0,35.518,36.5646,0.0,39.481,0.0,1,1,1,2,2,1,2,2,1,2,1,1,2,-0.014551,1,0.026804200000000004,1,50.0,0.0224366,1,150.965,88.7595,0.02253,0.64,True
2017-10-11 12:07:57,1101876,0.00135355,63.0747,1,1,1,2,1,1,1,1,1,1,2516.07,100.0,0.045522,0.2,39.4544,0.208612,0.21,100.0,0.0606203,0.39,36.6016,0.214372,0.22,35.5093,0.204792,0.21,100.0,0.0172486,0.49,0.0,0.5296890000000001,0.0,0.045522,0.205297,0.0606203,0.216744,0.204998,0.0172486,0,0,0,0,0,0,0,0,0,0,0,0,70.2339,74.3395,0,0.0,35.518,36.5646,0.0,39.481,0.0,1,1,1,2,2,1,2,2,1,2,1,1,2,-0.014551,1,0.026804200000000004,1,50.0,0.0224366,1,150.965,88.7595,0.02253,0.64,True
2017-10-11 12:07:58,1101877,0.00135355,63.0747,1,1,1,2,1,1,1,1,1,1,2516.07,100.0,0.045522,0.2,39.4544,0.208612,0.21,100.0,0.0606203,0.39,36.6016,0.214372,0.22,35.5093,0.204792,0.21,100.0,0.0172486,0.49,0.0,0.5296890000000001,0.0,0.045522,0.205297,0.0606203,0.216744,0.204998,0.0172486,0,0,0,0,0,0,0,0,0,0,0,0,70.2339,74.3395,0,0.0,35.518,36.5646,0.0,39.481,0.0,1,1,1,2,2,1,2,2,1,2,1,1,2,-0.014551,1,0.026804200000000004,1,50.0,0.0224366,1,150.965,88.7595,0.02253,0.64,True
2017-10-11 12:07:59,1101878,0.00119783,63.0789,1,1,1,2,1,1,1,1,1,1,2513.91,100.0,0.045522,0.2,39.5074,0.206,0.21,100.0,0.0606203,0.39,36.616,0.217759,0.22,35.5966,0.202287,0.21,100.0,0.0172486,0.49,0.0,0.529574,0.0,0.045522,0.204587,0.0606203,0.216705,0.206172,0.0172486,0,0,0,0,0,0,0,0,0,0,0,0,70.2498,74.4288,0,0.0,35.5966,36.616,0.0,39.5074,0.0,1,1,1,2,2,1,2,2,1,2,1,1,2,-0.0147395,1,0.0275746,1,50.0,0.0224995,1,150.99200000000005,88.7429,0.0224995,0.64,True
2017-10-11 12:08:00,1101879,0.00119783,63.0789,1,1,1,2,1,1,1,1,1,1,2513.91,100.0,0.045522,0.2,39.5074,0.206,0.21,100.0,0.0606203,0.39,36.616,0.217759,0.22,35.5966,0.202287,0.21,100.0,0.0172486,0.49,0.0,0.529574,0.0,0.045522,0.204587,0.0606203,0.216705,0.206172,0.0172486,0,0,0,0,0,0,0,0,0,0,0,0,70.2498,74.4288,0,0.0,35.5966,36.616,0.0,39.5074,0.0,1,1,1,2,2,1,2,2,1,2,1,1,2,-0.0147395,1,0.0275746,1,50.0,0.0224995,1,150.99200000000005,88.7429,0.0224995,0.64,True
2017-10-11 12:08:01,1101880,0.00119783,63.0789,1,1,1,2,1,1,1,1,1,1,2513.91,100.0,0.045522,0.2,39.5074,0.206,0.21,100.0,0.0606203,0.39,36.616,0.217759,0.22,35.5966,0.202287,0.21,100.0,0.0172486,0.49,0.0,0.529574,0.0,0.045522,0.204587,0.0606203,0.216705,0.206172,0.0172486,0,0,0,0,0,0,0,0,0,0,0,0,70.2498,74.4288,0,0.0,35.5966,36.616,0.0,39.5074,0.0,1,1,1,2,2,1,2,2,1,2,1,1,2,-0.0147395,1,0.0275746,1,50.0,0.0224995,1,150.99200000000005,88.7429,0.0224995,0.64,True
2017-10-11 12:08:02,1101881,0.00119783,63.0789,1,1,1,2,1,1,1,1,1,1,2513.91,100.0,0.045522,0.2,39.5074,0.206,0.21,100.0,0.0606203,0.39,36.616,0.217759,0.22,35.5966,0.202287,0.21,100.0,0.0172486,0.49,0.0,0.529574,0.0,0.045522,0.204587,0.0606203,0.216705,0.206172,0.0172486,0,0,0,0,0,0,0,0,0,0,0,0,70.2498,74.4288,0,0.0,35.5966,36.616,0.0,39.5074,0.0,1,1,1,2,2,1,2,2,1,2,1,1,2,-0.0147395,1,0.0275746,1,50.0,0.0224995,1,150.99200000000005,88.7429,0.0224995,0.64,True
2017-10-11 12:08:03,1101882,0.00119783,63.0789,1,1,1,2,1,1,1,1,1,1,2513.91,100.0,0.045522,0.2,39.5074,0.206,0.21,100.0,0.0606203,0.39,36.616,0.217759,0.22,35.5966,0.202287,0.21,100.0,0.0172486,0.49,0.0,0.529574,0.0,0.045522,0.204587,0.0606203,0.216705,0.206172,0.0172486,0,0,0,0,0,0,0,0,0,0,0,0,70.2498,74.4288,0,0.0,35.5966,36.616,0.0,39.5074,0.0,1,1,1,2,2,1,2,2,1,2,1,1,2,-0.0147395,1,0.0275746,1,50.0,0.0224995,1,150.99200000000005,88.7429,0.0224995,0.64,True
2017-10-11 12:08:04,1101883,0.00119783,63.0789,1,1,1,2,1,1,1,1,1,1,2513.91,100.0,0.045522,0.2,39.5074,0.206,0.21,100.0,0.0606203,0.39,36.616,0.217759,0.22,35.5966,0.202287,0.21,100.0,0.0172486,0.49,0.0,0.529574,0.0,0.045522,0.204587,0.0606203,0.216705,0.206172,0.0172486,0,0,0,0,0,0,0,0,0,0,0,0,70.2498,74.4288,0,0.0,35.5966,36.616,0.0,39.5074,0.0,1,1,1,2,2,1,2,2,1,2,1,1,2,-0.0147395,1,0.0275746,1,50.0,0.0224995,1,150.99200000000005,88.7429,0.0224995,0.64,True
2017-10-11 12:08:05,1101884,0.00123799,63.0521,1,1,1,2,1,1,1,1,1,1,2515.17,100.0,0.045522,0.2,39.5267,0.206774,0.21,100.0,0.0606203,0.39,36.7028,0.213578,0.22,35.6671,0.201676,0.21,100.0,0.0172486,0.49,0.0,0.529744,0.0,0.045522,0.206774,0.0606203,0.213578,0.201676,0.0172486,0,0,0,0,0,0,0,0,0,0,0,0,70.2418,74.556,0,0.0,35.6577,36.6756,0.0,39.5088,0.0,1,1,1,2,2,1,2,2,1,2,1,1,2,-0.017067,1,0.0267141,1,50.0,0.0225477,1,150.951,88.7122,0.0225477,0.64,True
2017-10-11 12:08:06,1101885,0.00123799,63.0521,1,1,1,2,1,1,1,1,1,1,2515.17,100.0,0.045522,0.2,39.5267,0.206774,0.21,100.0,0.0606203,0.39,36.7028,0.213578,0.22,35.6671,0.201676,0.21,100.0,0.0172486,0.49,0.0,0.529744,0.0,0.045522,0.206774,0.0606203,0.213578,0.201676,0.0172486,0,0,0,0,0,0,0,0,0,0,0,0,70.2418,74.556,0,0.0,35.6577,36.6756,0.0,39.5088,0.0,1,1,1,2,2,1,2,2,1,2,1,1,2,-0.017067,1,0.0267141,1,50.0,0.0225477,1,150.951,88.7122,0.0225477,0.64,True
2017-10-11 12:08:07,1101886,0.00123799,63.0521,1,1,1,2,1,1,1,1,1,1,2515.17,100.0,0.045522,0.2,39.5267,0.206774,0.21,100.0,0.0606203,0.39,36.7028,0.213578,0.22,35.6671,0.201676,0.21,100.0,0.0172486,0.49,0.0,0.529744,0.0,0.045522,0.206774,0.0606203,0.213578,0.201676,0.0172486,0,0,0,0,0,0,0,0,0,0,0,0,70.2418,74.556,0,0.0,35.6577,36.6756,0.0,39.5088,0.0,1,1,1,2,2,1,2,2,1,2,1,1,2,-0.017067,1,0.0267141,1,50.0,0.0225477,1,150.951,88.7122,0.0225477,0.64,True
2017-10-11 12:08:08,1101887,0.00123799,63.0521,1,1,1,2,1,1,1,1,1,1,2515.17,100.0,0.045522,0.2,39.5267,0.206774,0.21,100.0,0.0606203,0.39,36.7028,0.213578,0.22,35.6671,0.201676,0.21,100.0,0.0172486,0.49,0.0,0.529744,0.0,0.045522,0.206774,0.0606203,0.213578,0.201676,0.0172486,0,0,0,0,0,0,0,0,0,0,0,0,70.2418,74.556,0,0.0,35.6577,36.6756,0.0,39.5088,0.0,1,1,1,2,2,1,2,2,1,2,1,1,2,-0.017067,1,0.0267141,1,50.0,0.0225477,1,150.951,88.7122,0.0225477,0.64,True
2017-10-11 12:08:09,1101888,0.00123799,63.0521,1,1,1,2,1,1,1,1,1,1,2515.17,100.0,0.045522,0.2,39.5267,0.206774,0.21,100.0,0.0606203,0.39,36.7028,0.213578,0.22,35.6671,0.201676,0.21,100.0,0.0172486,0.49,0.0,0.529744,0.0,0.045522,0.206774,0.0606203,0.213578,0.201676,0.0172486,0,0,0,0,0,0,0,0,0,0,0,0,70.2418,74.556,0,0.0,35.6577,36.6756,0.0,39.5088,0.0,1,1,1,2,2,1,2,2,1,2,1,1,2,-0.017067,1,0.0267141,1,50.0,0.0225477,1,150.951,88.7122,0.0225477,0.64,True
2017-10-11 12:08:10,1101889,0.00142813,63.1365,1,1,1,2,1,1,1,1,1,1,2514.88,100.0,0.045522,0.2,39.5466,0.207674,0.21,100.0,0.0606203,0.39,36.7478,0.21459,0.22,35.6486,0.207054,0.21,100.0,0.0172486,0.49,0.0,0.52968,0.0,0.045522,0.209049,0.0606203,0.211745,0.211166,0.0172486,0,0,0,0,0,0,0,0,0,0,0,0,70.237,74.686,0,0.0,35.6449,36.7564,0.0,39.5857,0.0,1,1,1,2,2,1,2,2,1,2,1,1,2,-0.0145018,1,0.0276648,1,50.0,0.0223009,1,150.89,88.5699,0.0223009,0.64,True
2017-10-11 12:08:11,1101890,0.00142813,63.1365,1,1,1,2,1,1,1,1,1,1,2514.88,100.0,0.045522,0.2,39.5466,0.207674,0.21,100.0,0.0606203,0.39,36.7478,0.21459,0.22,35.6486,0.207054,0.21,100.0,0.0172486,0.49,0.0,0.52968,0.0,0.045522,0.209049,0.0606203,0.211745,0.211166,0.0172486,0,0,0,0,0,0,0,0,0,0,0,0,70.237,74.686,0,0.0,35.6449,36.7564,0.0,39.5857,0.0,1,1,1,2,2,1,2,2,1,2,1,1,2,-0.0145018,1,0.0276648,1,50.0,0.0223009,1,150.89,88.5699,0.0223009,0.64,True
2017-10-11 12:08:12,1101891,0.00142813,63.1365,1,1,1,2,1,1,1,1,1,1,2514.88,100.0,0.045522,0.2,39.5466,0.207674,0.21,100.0,0.0606203,0.39,36.7478,0.21459,0.22,35.6486,0.207054,0.21,100.0,0.0172486,0.49,0.0,0.52968,0.0,0.045522,0.209049,0.0606203,0.211745,0.211166,0.0172486,0,0,0,0,0,0,0,0,0,0,0,0,70.237,74.686,0,0.0,35.6449,36.7564,0.0,39.5857,0.0,1,1,1,2,2,1,2,2,1,2,1,1,2,-0.0145018,1,0.0276648,1,50.0,0.0223009,1,150.89,88.5699,0.0223009,0.64,True
2017-10-11 12:08:13,1101892,0.00142813,63.1365,1,1,1,2,1,1,1,1,1,1,2514.88,100.0,0.045522,0.2,39.5466,0.207674,0.21,100.0,0.0606203,0.39,36.7478,0.21459,0.22,35.6486,0.207054,0.21,100.0,0.0172486,0.49,0.0,0.52968,0.0,0.045522,0.209049,0.0606203,0.211745,0.211166,0.0172486,0,0,0,0,0,0,0,0,0,0,0,0,70.237,74.686,0,0.0,35.6449,36.7564,0.0,39.5857,0.0,1,1,1,2,2,1,2,2,1,2,1,1,2,-0.0145018,1,0.0276648,1,50.0,0.0223009,1,150.89,88.5699,0.0223009,0.64,True
2017-10-11 12:08:14,1101893,0.00142813,63.1365,1,1,1,2,1,1,1,1,1,1,2514.88,100.0,0.045522,0.2,39.5466,0.207674,0.21,100.0,0.0606203,0.39,36.7478,0.21459,0.22,35.6486,0.207054,0.21,100.0,0.0172486,0.49,0.0,0.52968,0.0,0.045522,0.209049,0.0606203,0.211745,0.211166,0.0172486,0,0,0,0,0,0,0,0,0,0,0,0,70.237,74.686,0,0.0,35.6449,36.7564,0.0,39.5857,0.0,1,1,1,2,2,1,2,2,1,2,1,1,2,-0.0145018,1,0.0276648,1,50.0,0.0223009,1,150.89,88.5699,0.0223009,0.64,True
2017-10-11 12:08:15,1101894,0.00142813,63.1365,1,1,1,2,1,1,1,1,1,1,2514.88,100.0,0.045522,0.2,39.5466,0.207674,0.21,100.0,0.0606203,0.39,36.7478,0.21459,0.22,35.6486,0.207054,0.21,100.0,0.0172486,0.49,0.0,0.52968,0.0,0.045522,0.209049,0.0606203,0.211745,0.211166,0.0172486,0,0,0,0,0,0,0,0,0,0,0,0,70.237,74.686,0,0.0,35.6449,36.7564,0.0,39.5857,0.0,1,1,1,2,2,1,2,2,1,2,1,1,2,-0.0145018,1,0.0276648,1,50.0,0.0223009,1,150.89,88.5699,0.0223009,0.64,True
2017-10-11 12:08:16,1101895,0.00112079,63.0587,1,1,1,2,1,1,1,1,1,1,2512.83,100.0,0.045522,0.2,39.5821,0.207093,0.21,100.0,0.0606203,0.39,36.8171,0.213287,0.22,35.616,0.210745,0.21,100.0,0.0172486,0.49,0.0,0.539582,0.0,0.045522,0.203671,0.0606203,0.214927,0.208667,0.0172486,0,0,0,0,0,0,0,0,0,0,0,0,70.2393,74.7198,0,0.0,35.6246,36.7977,0.0,39.6116,0.0,1,1,1,2,2,1,2,2,1,2,1,1,2,-0.0160344,1,0.0268862,1,50.0,0.022116,1,150.752,88.4987,0.0222448,0.64,True
2017-10-11 12:08:17,1101896,0.00112079,63.0587,1,1,1,2,1,1,1,1,1,1,2512.83,100.0,0.045522,0.2,39.5821,0.207093,0.21,100.0,0.0606203,0.39,36.8171,0.213287,0.22,35.616,0.210745,0.21,100.0,0.0172486,0.49,0.0,0.539582,0.0,0.045522,0.203671,0.0606203,0.214927,0.208667,0.0172486,0,0,0,0,0,0,0,0,0,0,0,0,70.2393,74.7198,0,0.0,35.6246,36.7977,0.0,39.6116,0.0,1,1,1,2,2,1,2,2,1,2,1,1,2,-0.0160344,1,0.0268862,1,50.0,0.022116,1,150.752,88.4987,0.0222448,0.64,True
2017-10-11 12:08:18,1101897,0.00112079,63.0587,1,1,1,2,1,1,1,1,1,1,2512.83,100.0,0.045522,0.2,39.5821,0.207093,0.21,100.0,0.0606203,0.39,36.8171,0.213287,0.22,35.616,0.210745,0.21,100.0,0.0172486,0.49,0.0,0.539582,0.0,0.045522,0.203671,0.0606203,0.214927,0.208667,0.0172486,0,0,0,0,0,0,0,0,0,0,0,0,70.2393,74.7198,0,0.0,35.6246,36.7977,0.0,39.6116,0.0,1,1,1,2,2,1,2,2,1,2,1,1,2,-0.0160344,1,0.0268862,1,50.0,0.022116,1,150.752,88.4987,0.0222448,0.64,True
2017-10-11 12:08:19,1101898,0.00112079,63.0587,1,1,1,2,1,1,1,1,1,1,2512.83,100.0,0.045522,0.2,39.5821,0.207093,0.21,100.0,0.0606203,0.39,36.8171,0.213287,0.22,35.616,0.210745,0.21,100.0,0.0172486,0.49,0.0,0.539582,0.0,0.045522,0.203671,0.0606203,0.214927,0.208667,0.0172486,0,0,0,0,0,0,0,0,0,0,0,0,70.2393,74.7198,0,0.0,35.6246,36.7977,0.0,39.6116,0.0,1,1,1,2,2,1,2,2,1,2,1,1,2,-0.0160344,1,0.0268862,1,50.0,0.022116,1,150.752,88.4987,0.0222448,0.64,True
2017-10-11 12:08:20,1101899,0.00112079,63.0587,1,1,1,2,1,1,1,1,1,1,2512.83,100.0,0.045522,0.2,39.5821,0.207093,0.21,100.0,0.0606203,0.39,36.8171,0.213287,0.22,35.616,0.210745,0.21,100.0,0.0172486,0.49,0.0,0.539582,0.0,0.045522,0.203671,0.0606203,0.214927,0.208667,0.0172486,0,0,0,0,0,0,0,0,0,0,0,0,70.2393,74.7198,0,0.0,35.6246,36.7977,0.0,39.6116,0.0,1,1,1,2,2,1,2,2,1,2,1,1,2,-0.0160344,1,0.0268862,1,50.0,0.022116,1,150.752,88.4987,0.0222448,0.64,True
2017-10-11 12:08:21,1101900,0.001297,62.9349,1,1,1,2,1,1,1,1,1,1,2514.42,100.0,0.045522,0.2,39.6257,0.205762,0.21,100.0,0.0606203,0.39,36.8527,0.214933,0.22,35.6543,0.207639,0.21,100.0,0.0172486,0.49,0.0,0.539726,0.0,0.045522,0.205226,0.0606203,0.21321,0.209611,0.0172486,0,0,0,0,0,0,0,0,0,0,0,0,70.2309,74.7128,0,0.0,35.6543,36.8527,0.0,39.6257,0.0,1,1,1,2,2,1,2,2,1,2,1,1,2,-0.0148542,1,0.0271156,1,50.0,0.0224415,1,150.782,88.5493,0.0224415,0.64,True
2017-10-11 12:08:22,1101901,0.001297,62.9349,1,1,1,2,1,1,1,1,1,1,2514.42,100.0,0.045522,0.2,39.6257,0.205762,0.21,100.0,0.0606203,0.39,36.8527,0.214933,0.22,35.6543,0.207639,0.21,100.0,0.0172486,0.49,0.0,0.539726,0.0,0.045522,0.205226,0.0606203,0.21321,0.209611,0.0172486,0,0,0,0,0,0,0,0,0,0,0,0,70.2309,74.7128,0,0.0,35.6543,36.8527,0.0,39.6257,0.0,1,1,1,2,2,1,2,2,1,2,1,1,2,-0.0148542,1,0.0271156,1,50.0,0.0224415,1,150.782,88.5493,0.0224415,0.64,True
2017-10-11 12:08:23,1101902,0.001297,62.9349,1,1,1,2,1,1,1,1,1,1,2514.42,100.0,0.045522,0.2,39.6257,0.205762,0.21,100.0,0.0606203,0.39,36.8527,0.214933,0.22,35.6543,0.207639,0.21,100.0,0.0172486,0.49,0.0,0.539726,0.0,0.045522,0.205226,0.0606203,0.21321,0.209611,0.0172486,0,0,0,0,0,0,0,0,0,0,0,0,70.2309,74.7128,0,0.0,35.6543,36.8527,0.0,39.6257,0.0,1,1,1,2,2,1,2,2,1,2,1,1,2,-0.0148542,1,0.0271156,1,50.0,0.0224415,1,150.782,88.5493,0.0224415,0.64,True
2017-10-11 12:08:24,1101903,0.001297,62.9349,1,1,1,2,1,1,1,1,1,1,2514.42,100.0,0.045522,0.2,39.6257,0.205762,0.21,100.0,0.0606203,0.39,36.8527,0.214933,0.22,35.6543,0.207639,0.21,100.0,0.0172486,0.49,0.0,0.539726,0.0,0.045522,0.205226,0.0606203,0.21321,0.209611,0.0172486,0,0,0,0,0,0,0,0,0,0,0,0,70.2309,74.7128,0,0.0,35.6543,36.8527,0.0,39.6257,0.0,1,1,1,2,2,1,2,2,1,2,1,1,2,-0.0148542,1,0.0271156,1,50.0,0.0224415,1,150.782,88.5493,0.0224415,0.64,True
2017-10-11 12:08:25,1101904,0.001297,62.9349,1,1,1,2,1,1,1,1,1,1,2514.42,100.0,0.045522,0.2,39.6257,0.205762,0.21,100.0,0.0606203,0.39,36.8527,0.214933,0.22,35.6543,0.207639,0.21,100.0,0.0172486,0.49,0.0,0.539726,0.0,0.045522,0.205226,0.0606203,0.21321,0.209611,0.0172486,0,0,0,0,0,0,0,0,0,0,0,0,70.2309,74.7128,0,0.0,35.6543,36.8527,0.0,39.6257,0.0,1,1,1,2,2,1,2,2,1,2,1,1,2,-0.0148542,1,0.0271156,1,50.0,0.0224415,1,150.782,88.5493,0.0224415,0.64,True
2017-10-11 12:08:26,1101905,0.001297,62.9349,1,1,1,2,1,1,1,1,1,1,2514.42,100.0,0.045522,0.2,39.6257,0.205762,0.21,100.0,0.0606203,0.39,36.8527,0.214933,0.22,35.6543,0.207639,0.21,100.0,0.0172486,0.49,0.0,0.539726,0.0,0.045522,0.205226,0.0606203,0.21321,0.209611,0.0172486,0,0,0,0,0,0,0,0,0,0,0,0,70.2309,74.7128,0,0.0,35.6543,36.8527,0.0,39.6257,0.0,1,1,1,2,2,1,2,2,1,2,1,1,2,-0.0148542,1,0.0271156,1,50.0,0.0224415,1,150.782,88.5493,0.0224415,0.64,True
2017-10-11 12:08:27,1101906,0.00113472,63.0395,1,1,1,2,1,1,1,1,1,1,2511.11,100.0,0.045522,0.2,39.6734,0.204599,0.21,100.0,0.0606203,0.39,36.9515,0.211374,0.22,35.6374,0.210798,0.21,100.0,0.0172486,0.49,0.0,0.539633,0.0,0.045522,0.208046,0.0606203,0.214375,0.210043,0.0172486,0,0,0,0,0,0,0,0,0,0,0,0,70.2393,74.6393,0,0.0,35.6559,36.9178,0.0,39.659,0.0,1,1,1,2,2,1,2,2,1,2,1,1,2,-0.0155017,1,0.0265338,1,50.0,0.0223559,1,150.847,88.7157,0.0223559,0.64,True
2017-10-11 12:08:28,1101907,0.00113472,63.0395,1,1,1,2,1,1,1,1,1,1,2511.11,100.0,0.045522,0.2,39.6734,0.204599,0.21,100.0,0.0606203,0.39,36.9515,0.211374,0.22,35.6374,0.210798,0.21,100.0,0.0172486,0.49,0.0,0.539633,0.0,0.045522,0.208046,0.0606203,0.214375,0.210043,0.0172486,0,0,0,0,0,0,0,0,0,0,0,0,70.2393,74.6393,0,0.0,35.6559,36.9178,0.0,39.659,0.0,1,1,1,2,2,1,2,2,1,2,1,1,2,-0.0155017,1,0.0265338,1,50.0,0.0223559,1,150.847,88.7157,0.0223559,0.64,True
2017-10-11 12:08:29,1101908,0.00113472,63.0395,1,1,1,2,1,1,1,1,1,1,2511.11,100.0,0.045522,0.2,39.6734,0.204599,0.21,100.0,0.0606203,0.39,36.9515,0.211374,0.22,35.6374,0.210798,0.21,100.0,0.0172486,0.49,0.0,0.539633,0.0,0.045522,0.208046,0.0606203,0.214375,0.210043,0.0172486,0,0,0,0,0,0,0,0,0,0,0,0,70.2393,74.6393,0,0.0,35.6559,36.9178,0.0,39.659,0.0,1,1,1,2,2,1,2,2,1,2,1,1,2,-0.0155017,1,0.0265338,1,50.0,0.0223559,1,150.847,88.7157,0.0223559,0.64,True
2017-10-11 12:08:30,1101909,0.00113472,63.0395,1,1,1,2,1,1,1,1,1,1,2511.11,100.0,0.045522,0.2,39.6734,0.204599,0.21,100.0,0.0606203,0.39,36.9515,0.211374,0.22,35.6374,0.210798,0.21,100.0,0.0172486,0.49,0.0,0.539633,0.0,0.045522,0.208046,0.0606203,0.214375,0.210043,0.0172486,0,0,0,0,0,0,0,0,0,0,0,0,70.2393,74.6393,0,0.0,35.6559,36.9178,0.0,39.659,0.0,1,1,1,2,2,1,2,2,1,2,1,1,2,-0.0155017,1,0.0265338,1,50.0,0.0223559,1,150.847,88.7157,0.0223559,0.64,True
2017-10-11 12:08:31,1101910,0.00113472,63.0395,1,1,1,2,1,1,1,1,1,1,2511.11,100.0,0.045522,0.2,39.6734,0.204599,0.21,100.0,0.0606203,0.39,36.9515,0.211374,0.22,35.6374,0.210798,0.21,100.0,0.0172486,0.49,0.0,0.539633,0.0,0.045522,0.208046,0.0606203,0.214375,0.210043,0.0172486,0,0,0,0,0,0,0,0,0,0,0,0,70.2393,74.6393,0,0.0,35.6559,36.9178,0.0,39.659,0.0,1,1,1,2,2,1,2,2,1,2,1,1,2,-0.0155017,1,0.0265338,1,50.0,0.0223559,1,150.847,88.7157,0.0223559,0.64,True
2017-10-11 12:08:32,1101911,0.00124454,63.0848,1,1,1,2,1,1,1,1,1,1,2513.15,100.0,0.045522,0.2,39.7117,0.205002,0.21,100.0,0.0606203,0.39,36.9601,0.21625,0.22,35.6314,0.211399,0.21,100.0,0.0172486,0.49,0.0,0.539717,0.0,0.045522,0.203105,0.0606203,0.212827,0.209824,0.0172486,0,0,0,0,0,0,0,0,0,0,0,0,70.2435,74.0593,0,0.0,35.6745,37.0028,0.0,39.722,0.0,1,1,1,2,2,1,2,2,1,2,1,1,2,-0.0158377,1,0.0257716,1,50.0,0.022353,1,150.819,88.2928,0.0222015,0.64,True
2017-10-11 12:08:33,1101912,0.00124454,63.0848,1,1,1,2,1,1,1,1,1,1,2513.15,100.0,0.045522,0.2,39.7117,0.205002,0.21,100.0,0.0606203,0.39,36.9601,0.21625,0.22,35.6314,0.211399,0.21,100.0,0.0172486,0.49,0.0,0.539717,0.0,0.045522,0.203105,0.0606203,0.212827,0.209824,0.0172486,0,0,0,0,0,0,0,0,0,0,0,0,70.2435,74.0593,0,0.0,35.6745,37.0028,0.0,39.722,0.0,1,1,1,2,2,1,2,2,1,2,1,1,2,-0.0158377,1,0.0257716,1,50.0,0.022353,1,150.819,88.2928,0.0222015,0.64,True
2017-10-11 12:08:34,1101913,0.00124454,63.0848,1,1,1,2,1,1,1,1,1,1,2513.15,100.0,0.045522,0.2,39.7117,0.205002,0.21,100.0,0.0606203,0.39,36.9601,0.21625,0.22,35.6314,0.211399,0.21,100.0,0.0172486,0.49,0.0,0.539717,0.0,0.045522,0.203105,0.0606203,0.212827,0.209824,0.0172486,0,0,0,0,0,0,0,0,0,0,0,0,70.2435,74.0593,0,0.0,35.6745,37.0028,0.0,39.722,0.0,1,1,1,2,2,1,2,2,1,2,1,1,2,-0.0158377,1,0.0257716,1,50.0,0.022353,1,150.819,88.2928,0.0222015,0.64,True
2017-10-11 12:08:35,1101914,0.00124454,63.0848,1,1,1,2,1,1,1,1,1,1,2513.15,100.0,0.045522,0.2,39.7117,0.205002,0.21,100.0,0.0606203,0.39,36.9601,0.21625,0.22,35.6314,0.211399,0.21,100.0,0.0172486,0.49,0.0,0.539717,0.0,0.045522,0.203105,0.0606203,0.212827,0.209824,0.0172486,0,0,0,0,0,0,0,0,0,0,0,0,70.2435,74.0593,0,0.0,35.6745,37.0028,0.0,39.722,0.0,1,1,1,2,2,1,2,2,1,2,1,1,2,-0.0158377,1,0.0257716,1,50.0,0.022353,1,150.819,88.2928,0.0222015,0.64,True
2017-10-11 12:08:36,1101915,0.00124454,63.0848,1,1,1,2,1,1,1,1,1,1,2513.15,100.0,0.045522,0.2,39.7117,0.205002,0.21,100.0,0.0606203,0.39,36.9601,0.21625,0.22,35.6314,0.211399,0.21,100.0,0.0172486,0.49,0.0,0.539717,0.0,0.045522,0.203105,0.0606203,0.212827,0.209824,0.0172486,0,0,0,0,0,0,0,0,0,0,0,0,70.2435,74.0593,0,0.0,35.6745,37.0028,0.0,39.722,0.0,1,1,1,2,2,1,2,2,1,2,1,1,2,-0.0158377,1,0.0257716,1,50.0,0.022353,1,150.819,88.2928,0.0222015,0.64,True
2017-10-11 12:08:37,1101916,0.00124454,63.0848,1,1,1,2,1,1,1,1,1,1,2513.15,100.0,0.045522,0.2,39.7117,0.205002,0.21,100.0,0.0606203,0.39,36.9601,0.21625,0.22,35.6314,0.211399,0.21,100.0,0.0172486,0.49,0.0,0.539717,0.0,0.045522,0.203105,0.0606203,0.212827,0.209824,0.0172486,0,0,0,0,0,0,0,0,0,0,0,0,70.2435,74.0593,0,0.0,35.6745,37.0028,0.0,39.722,0.0,1,1,1,2,2,1,2,2,1,2,1,1,2,-0.0158377,1,0.0257716,1,50.0,0.022353,1,150.819,88.2928,0.0222015,0.64,True
2017-10-11 12:08:38,1101917,0.00135764,63.1151,1,1,1,2,1,1,1,1,1,1,2510.48,100.0,0.045522,0.2,39.7209,0.208064,0.21,100.0,0.0606203,0.39,37.0251,0.214778,0.22,35.6602,0.20971,0.21,100.0,0.0172486,0.49,0.0,0.533246,0.0,0.045522,0.204937,0.0606203,0.215966,0.208227,0.0172486,0,0,0,0,0,0,0,0,0,0,0,0,70.235,73.4355,0,0.0,35.6805,37.0079,0.0,39.7523,0.0,1,1,1,2,2,1,2,2,1,2,1,1,2,-0.0169195,1,0.0279516,1,50.0,0.0221583,1,150.816,88.339,0.0221583,0.64,True
2017-10-11 12:08:39,1101918,0.00135764,63.1151,1,1,1,2,1,1,1,1,1,1,2510.48,100.0,0.045522,0.2,39.7209,0.208064,0.21,100.0,0.0606203,0.39,37.0251,0.214778,0.22,35.6602,0.20971,0.21,100.0,0.0172486,0.49,0.0,0.533246,0.0,0.045522,0.204937,0.0606203,0.215966,0.208227,0.0172486,0,0,0,0,0,0,0,0,0,0,0,0,70.235,73.4355,0,0.0,35.6805,37.0079,0.0,39.7523,0.0,1,1,1,2,2,1,2,2,1,2,1,1,2,-0.0169195,1,0.0279516,1,50.0,0.0221583,1,150.816,88.339,0.0221583,0.64,True
2017-10-11 12:08:40,1101919,0.00135764,63.1151,1,1,1,2,1,1,1,1,1,1,2510.48,100.0,0.045522,0.2,39.7209,0.208064,0.21,100.0,0.0606203,0.39,37.0251,0.214778,0.22,35.6602,0.20971,0.21,100.0,0.0172486,0.49,0.0,0.533246,0.0,0.045522,0.204937,0.0606203,0.215966,0.208227,0.0172486,0,0,0,0,0,0,0,0,0,0,0,0,70.235,73.4355,0,0.0,35.6805,37.0079,0.0,39.7523,0.0,1,1,1,2,2,1,2,2,1,2,1,1,2,-0.0169195,1,0.0279516,1,50.0,0.0221583,1,150.816,88.339,0.0221583,0.64,True
2017-10-11 12:08:41,1101920,0.00135764,63.1151,1,1,1,2,1,1,1,1,1,1,2510.48,100.0,0.045522,0.2,39.7209,0.208064,0.21,100.0,0.0606203,0.39,37.0251,0.214778,0.22,35.6602,0.20971,0.21,100.0,0.0172486,0.49,0.0,0.533246,0.0,0.045522,0.204937,0.0606203,0.215966,0.208227,0.0172486,0,0,0,0,0,0,0,0,0,0,0,0,70.235,73.4355,0,0.0,35.6805,37.0079,0.0,39.7523,0.0,1,1,1,2,2,1,2,2,1,2,1,1,2,-0.0169195,1,0.0279516,1,50.0,0.0221583,1,150.816,88.339,0.0221583,0.64,True
2017-10-11 12:08:42,1101921,0.00135764,63.1151,1,1,1,2,1,1,1,1,1,1,2510.48,100.0,0.045522,0.2,39.7209,0.208064,0.21,100.0,0.0606203,0.39,37.0251,0.214778,0.22,35.6602,0.20971,0.21,100.0,0.0172486,0.49,0.0,0.533246,0.0,0.045522,0.204937,0.0606203,0.215966,0.208227,0.0172486,0,0,0,0,0,0,0,0,0,0,0,0,70.235,73.4355,0,0.0,35.6805,37.0079,0.0,39.7523,0.0,1,1,1,2,2,1,2,2,1,2,1,1,2,-0.0169195,1,0.0279516,1,50.0,0.0221583,1,150.816,88.339,0.0221583,0.64,True
2017-10-11 12:08:43,1101922,0.00119947,63.1374,1,1,1,2,1,1,1,1,1,1,2509.19,100.0,0.045522,0.2,39.7756,0.205998,0.21,100.0,0.0606203,0.39,37.0831,0.215096,0.22,35.6897,0.208248,0.21,100.0,0.0172486,0.49,0.0,0.5395449999999999,0.0,0.045522,0.205998,0.0606203,0.215096,0.208248,0.0172486,0,0,0,0,0,0,0,0,0,0,0,0,70.2335,72.9514,0,0.0,35.6695,37.1223,0.0,39.7617,0.0,1,1,1,2,2,1,2,2,1,2,1,1,2,-0.0151984,1,0.0269517,1,50.0,0.0222183,1,150.79399999999995,88.4797,0.0222183,0.64,True
2017-10-11 12:08:44,1101923,0.00119947,63.1374,1,1,1,2,1,1,1,1,1,1,2509.19,100.0,0.045522,0.2,39.7756,0.205998,0.21,100.0,0.0606203,0.39,37.0831,0.215096,0.22,35.6897,0.208248,0.21,100.0,0.0172486,0.49,0.0,0.5395449999999999,0.0,0.045522,0.205998,0.0606203,0.215096,0.208248,0.0172486,0,0,0,0,0,0,0,0,0,0,0,0,70.2335,72.9514,0,0.0,35.6695,37.1223,0.0,39.7617,0.0,1,1,1,2,2,1,2,2,1,2,1,1,2,-0.0151984,1,0.0269517,1,50.0,0.0222183,1,150.79399999999995,88.4797,0.0222183,0.64,True
2017-10-11 12:08:45,1101924,0.00119947,63.1374,1,1,1,2,1,1,1,1,1,1,2509.19,100.0,0.045522,0.2,39.7756,0.205998,0.21,100.0,0.0606203,0.39,37.0831,0.215096,0.22,35.6897,0.208248,0.21,100.0,0.0172486,0.49,0.0,0.5395449999999999,0.0,0.045522,0.205998,0.0606203,0.215096,0.208248,0.0172486,0,0,0,0,0,0,0,0,0,0,0,0,70.2335,72.9514,0,0.0,35.6695,37.1223,0.0,39.7617,0.0,1,1,1,2,2,1,2,2,1,2,1,1,2,-0.0151984,1,0.0269517,1,50.0,0.0222183,1,150.79399999999995,88.4797,0.0222183,0.64,True
2017-10-11 12:08:46,1101925,0.00119947,63.1374,1,1,1,2,1,1,1,1,1,1,2509.19,100.0,0.045522,0.2,39.7756,0.205998,0.21,100.0,0.0606203,0.39,37.0831,0.215096,0.22,35.6897,0.208248,0.21,100.0,0.0172486,0.49,0.0,0.5395449999999999,0.0,0.045522,0.205998,0.0606203,0.215096,0.208248,0.0172486,0,0,0,0,0,0,0,0,0,0,0,0,70.2335,72.9514,0,0.0,35.6695,37.1223,0.0,39.7617,0.0,1,1,1,2,2,1,2,2,1,2,1,1,2,-0.0151984,1,0.0269517,1,50.0,0.0222183,1,150.79399999999995,88.4797,0.0222183,0.64,True
2017-10-11 12:08:47,1101926,0.00119947,63.1374,1,1,1,2,1,1,1,1,1,1,2509.19,100.0,0.045522,0.2,39.7756,0.205998,0.21,100.0,0.0606203,0.39,37.0831,0.215096,0.22,35.6897,0.208248,0.21,100.0,0.0172486,0.49,0.0,0.5395449999999999,0.0,0.045522,0.205998,0.0606203,0.215096,0.208248,0.0172486,0,0,0,0,0,0,0,0,0,0,0,0,70.2335,72.9514,0,0.0,35.6695,37.1223,0.0,39.7617,0.0,1,1,1,2,2,1,2,2,1,2,1,1,2,-0.0151984,1,0.0269517,1,50.0,0.0222183,1,150.79399999999995,88.4797,0.0222183,0.64,True
2017-10-11 12:08:48,1101927,0.00119947,63.1374,1,1,1,2,1,1,1,1,1,1,2509.19,100.0,0.045522,0.2,39.7756,0.205998,0.21,100.0,0.0606203,0.39,37.0831,0.215096,0.22,35.6897,0.208248,0.21,100.0,0.0172486,0.49,0.0,0.5395449999999999,0.0,0.045522,0.205998,0.0606203,0.215096,0.208248,0.0172486,0,0,0,0,0,0,0,0,0,0,0,0,70.2335,72.9514,0,0.0,35.6695,37.1223,0.0,39.7617,0.0,1,1,1,2,2,1,2,2,1,2,1,1,2,-0.0151984,1,0.0269517,1,50.0,0.0222183,1,150.79399999999995,88.4797,0.0222183,0.64,True
2017-10-11 12:08:49,1101928,0.00109047,63.0767,1,1,1,2,1,1,1,1,1,1,2507.82,100.0,0.045522,0.2,39.8109,0.206242,0.21,100.0,0.0606203,0.39,37.1579,0.213815,0.22,35.6838,0.209934,0.21,100.0,0.0172486,0.49,0.0,0.539675,0.0,0.045522,0.208761,0.0606203,0.213815,0.209934,0.0172486,0,0,0,0,0,0,0,0,0,0,0,0,70.2351,72.4656,0,0.0,35.7059,37.1311,0.0,39.8275,0.0,1,1,1,2,2,1,2,2,1,2,1,1,2,-0.0164032,1,0.0273697,1,50.0,0.0223117,1,150.746,88.6715,0.0220875,0.64,True
2017-10-11 12:08:50,1101929,0.00109047,63.0767,1,1,1,2,1,1,1,1,1,1,2507.82,100.0,0.045522,0.2,39.8109,0.206242,0.21,100.0,0.0606203,0.39,37.1579,0.213815,0.22,35.6838,0.209934,0.21,100.0,0.0172486,0.49,0.0,0.539675,0.0,0.045522,0.208761,0.0606203,0.213815,0.209934,0.0172486,0,0,0,0,0,0,0,0,0,0,0,0,70.2351,72.4656,0,0.0,35.7059,37.1311,0.0,39.8275,0.0,1,1,1,2,2,1,2,2,1,2,1,1,2,-0.0164032,1,0.0273697,1,50.0,0.0223117,1,150.746,88.6715,0.0220875,0.64,True
2017-10-11 12:08:51,1101930,0.00109047,63.0767,1,1,1,2,1,1,1,1,1,1,2507.82,100.0,0.045522,0.2,39.8109,0.206242,0.21,100.0,0.0606203,0.39,37.1579,0.213815,0.22,35.6838,0.209934,0.21,100.0,0.0172486,0.49,0.0,0.539675,0.0,0.045522,0.208761,0.0606203,0.213815,0.209934,0.0172486,0,0,0,0,0,0,0,0,0,0,0,0,70.2351,72.4656,0,0.0,35.7059,37.1311,0.0,39.8275,0.0,1,1,1,2,2,1,2,2,1,2,1,1,2,-0.0164032,1,0.0273697,1,50.0,0.0223117,1,150.746,88.6715,0.0220875,0.64,True
2017-10-11 12:08:52,1101931,0.00109047,63.0767,1,1,1,2,1,1,1,1,1,1,2507.82,100.0,0.045522,0.2,39.8109,0.206242,0.21,100.0,0.0606203,0.39,37.1579,0.213815,0.22,35.6838,0.209934,0.21,100.0,0.0172486,0.49,0.0,0.539675,0.0,0.045522,0.208761,0.0606203,0.213815,0.209934,0.0172486,0,0,0,0,0,0,0,0,0,0,0,0,70.2351,72.4656,0,0.0,35.7059,37.1311,0.0,39.8275,0.0,1,1,1,2,2,1,2,2,1,2,1,1,2,-0.0164032,1,0.0273697,1,50.0,0.0223117,1,150.746,88.6715,0.0220875,0.64,True
2017-10-11 12:08:53,1101932,0.00109047,63.0767,1,1,1,2,1,1,1,1,1,1,2507.82,100.0,0.045522,0.2,39.8109,0.206242,0.21,100.0,0.0606203,0.39,37.1579,0.213815,0.22,35.6838,0.209934,0.21,100.0,0.0172486,0.49,0.0,0.539675,0.0,0.045522,0.208761,0.0606203,0.213815,0.209934,0.0172486,0,0,0,0,0,0,0,0,0,0,0,0,70.2351,72.4656,0,0.0,35.7059,37.1311,0.0,39.8275,0.0,1,1,1,2,2,1,2,2,1,2,1,1,2,-0.0164032,1,0.0273697,1,50.0,0.0223117,1,150.746,88.6715,0.0220875,0.64,True
2017-10-11 12:08:54,1101933,0.00109047,63.0767,1,1,1,2,1,1,1,1,1,1,2507.82,100.0,0.045522,0.2,39.8109,0.206242,0.21,100.0,0.0606203,0.39,37.1579,0.213815,0.22,35.6838,0.209934,0.21,100.0,0.0172486,0.49,0.0,0.539675,0.0,0.045522,0.208761,0.0606203,0.213815,0.209934,0.0172486,0,0,0,0,0,0,0,0,0,0,0,0,70.2351,72.4656,0,0.0,35.7059,37.1311,0.0,39.8275,0.0,1,1,1,2,2,1,2,2,1,2,1,1,2,-0.0164032,1,0.0273697,1,50.0,0.0223117,1,150.746,88.6715,0.0220875,0.64,True
2017-10-11 12:08:55,1101934,0.00129208,63.0997,1,1,1,2,1,1,1,1,1,1,2507.47,100.0,0.045522,0.2,39.8271,0.208904,0.21,100.0,0.0606203,0.39,37.2423,0.211623,0.22,35.6934,0.210143,0.21,100.0,0.0172486,0.49,0.0,0.539651,0.0,0.045522,0.205523,0.0606203,0.213658,0.209156,0.0172486,0,0,0,0,0,0,0,0,0,0,0,0,70.2348,71.9792,0,0.0,35.7262,37.2186,0.0,39.8608,0.0,1,1,1,2,2,1,2,2,1,2,1,1,2,-0.0162721,1,0.0272058,1,50.0,0.0220422,1,150.842,88.5732,0.0218878,0.64,True
2017-10-11 12:08:56,1101935,0.00129208,63.0997,1,1,1,2,1,1,1,1,1,1,2507.47,100.0,0.045522,0.2,39.8271,0.208904,0.21,100.0,0.0606203,0.39,37.2423,0.211623,0.22,35.6934,0.210143,0.21,100.0,0.0172486,0.49,0.0,0.539651,0.0,0.045522,0.205523,0.0606203,0.213658,0.209156,0.0172486,0,0,0,0,0,0,0,0,0,0,0,0,70.2348,71.9792,0,0.0,35.7262,37.2186,0.0,39.8608,0.0,1,1,1,2,2,1,2,2,1,2,1,1,2,-0.0162721,1,0.0272058,1,50.0,0.0220422,1,150.842,88.5732,0.0218878,0.64,True
2017-10-11 12:08:57,1101936,0.00129208,63.0997,1,1,1,2,1,1,1,1,1,1,2507.47,100.0,0.045522,0.2,39.8271,0.208904,0.21,100.0,0.0606203,0.39,37.2423,0.211623,0.22,35.6934,0.210143,0.21,100.0,0.0172486,0.49,0.0,0.539651,0.0,0.045522,0.205523,0.0606203,0.213658,0.209156,0.0172486,0,0,0,0,0,0,0,0,0,0,0,0,70.2348,71.9792,0,0.0,35.7262,37.2186,0.0,39.8608,0.0,1,1,1,2,2,1,2,2,1,2,1,1,2,-0.0162721,1,0.0272058,1,50.0,0.0220422,1,150.842,88.5732,0.0218878,0.64,True
2017-10-11 12:08:58,1101937,0.00129208,63.0997,1,1,1,2,1,1,1,1,1,1,2507.47,100.0,0.045522,0.2,39.8271,0.208904,0.21,100.0,0.0606203,0.39,37.2423,0.211623,0.22,35.6934,0.210143,0.21,100.0,0.0172486,0.49,0.0,0.539651,0.0,0.045522,0.205523,0.0606203,0.213658,0.209156,0.0172486,0,0,0,0,0,0,0,0,0,0,0,0,70.2348,71.9792,0,0.0,35.7262,37.2186,0.0,39.8608,0.0,1,1,1,2,2,1,2,2,1,2,1,1,2,-0.0162721,1,0.0272058,1,50.0,0.0220422,1,150.842,88.5732,0.0218878,0.64,True
2017-10-11 12:08:59,1101938,0.00129208,63.0997,1,1,1,2,1,1,1,1,1,1,2507.47,100.0,0.045522,0.2,39.8271,0.208904,0.21,100.0,0.0606203,0.39,37.2423,0.211623,0.22,35.6934,0.210143,0.21,100.0,0.0172486,0.49,0.0,0.539651,0.0,0.045522,0.205523,0.0606203,0.213658,0.209156,0.0172486,0,0,0,0,0,0,0,0,0,0,0,0,70.2348,71.9792,0,0.0,35.7262,37.2186,0.0,39.8608,0.0,1,1,1,2,2,1,2,2,1,2,1,1,2,-0.0162721,1,0.0272058,1,50.0,0.0220422,1,150.842,88.5732,0.0218878,0.64,True
2017-10-11 12:09:00,1101939,0.00129208,63.0997,1,1,1,2,1,1,1,1,1,1,2507.47,100.0,0.045522,0.2,39.8271,0.208904,0.21,100.0,0.0606203,0.39,37.2423,0.211623,0.22,35.6934,0.210143,0.21,100.0,0.0172486,0.49,0.0,0.539651,0.0,0.045522,0.205523,0.0606203,0.213658,0.209156,0.0172486,0,0,0,0,0,0,0,0,0,0,0,0,70.2348,71.9792,0,0.0,35.7262,37.2186,0.0,39.8608,0.0,1,1,1,2,2,1,2,2,1,2,1,1,2,-0.0162721,1,0.0272058,1,50.0,0.0220422,1,150.842,88.5732,0.0218878,0.64,True
2017-10-11 12:09:01,1101940,0.00126503,63.0737,1,1,1,2,1,1,1,1,1,1,2508.57,100.0,0.045522,0.2,39.8941,0.20643000000000009,0.21,100.0,0.0606203,0.39,37.2868,0.213649,0.22,35.7296,0.206945,0.21,100.0,0.0172486,0.49,0.0,0.538197,0.0,0.045522,0.202989,0.0606203,0.210156,0.210269,0.0172486,0,0,0,0,0,0,0,0,0,0,0,0,70.2332,71.8048,0,0.0,35.7161,37.3015,0.0,39.903,0.0,1,1,1,2,2,1,2,2,1,2,1,1,2,-0.0156082,1,0.0259519,1,50.0,0.0219753,1,150.714,88.5545,0.0219753,0.64,True
2017-10-11 12:09:02,1101941,0.00126503,63.0737,1,1,1,2,1,1,1,1,1,1,2508.57,100.0,0.045522,0.2,39.8941,0.20643000000000009,0.21,100.0,0.0606203,0.39,37.2868,0.213649,0.22,35.7296,0.206945,0.21,100.0,0.0172486,0.49,0.0,0.538197,0.0,0.045522,0.202989,0.0606203,0.210156,0.210269,0.0172486,0,0,0,0,0,0,0,0,0,0,0,0,70.2332,71.8048,0,0.0,35.7161,37.3015,0.0,39.903,0.0,1,1,1,2,2,1,2,2,1,2,1,1,2,-0.0156082,1,0.0259519,1,50.0,0.0219753,1,150.714,88.5545,0.0219753,0.64,True
2017-10-11 12:09:03,1101942,0.00126503,63.0737,1,1,1,2,1,1,1,1,1,1,2508.57,100.0,0.045522,0.2,39.8941,0.20643000000000009,0.21,100.0,0.0606203,0.39,37.2868,0.213649,0.22,35.7296,0.206945,0.21,100.0,0.0172486,0.49,0.0,0.538197,0.0,0.045522,0.202989,0.0606203,0.210156,0.210269,0.0172486,0,0,0,0,0,0,0,0,0,0,0,0,70.2332,71.8048,0,0.0,35.7161,37.3015,0.0,39.903,0.0,1,1,1,2,2,1,2,2,1,2,1,1,2,-0.0156082,1,0.0259519,1,50.0,0.0219753,1,150.714,88.5545,0.0219753,0.64,True
2017-10-11 12:09:04,1101943,0.00126503,63.0737,1,1,1,2,1,1,1,1,1,1,2508.57,100.0,0.045522,0.2,39.8941,0.20643000000000009,0.21,100.0,0.0606203,0.39,37.2868,0.213649,0.22,35.7296,0.206945,0.21,100.0,0.0172486,0.49,0.0,0.538197,0.0,0.045522,0.202989,0.0606203,0.210156,0.210269,0.0172486,0,0,0,0,0,0,0,0,0,0,0,0,70.2332,71.8048,0,0.0,35.7161,37.3015,0.0,39.903,0.0,1,1,1,2,2,1,2,2,1,2,1,1,2,-0.0156082,1,0.0259519,1,50.0,0.0219753,1,150.714,88.5545,0.0219753,0.64,True
2017-10-11 12:09:05,1101944,0.00126503,63.0737,1,1,1,2,1,1,1,1,1,1,2508.57,100.0,0.045522,0.2,39.8941,0.20643000000000009,0.21,100.0,0.0606203,0.39,37.2868,0.213649,0.22,35.7296,0.206945,0.21,100.0,0.0172486,0.49,0.0,0.538197,0.0,0.045522,0.202989,0.0606203,0.210156,0.210269,0.0172486,0,0,0,0,0,0,0,0,0,0,0,0,70.2332,71.8048,0,0.0,35.7161,37.3015,0.0,39.903,0.0,1,1,1,2,2,1,2,2,1,2,1,1,2,-0.0156082,1,0.0259519,1,50.0,0.0219753,1,150.714,88.5545,0.0219753,0.64,True
2017-10-11 12:09:06,1101945,0.00128143,63.0495,1,1,1,2,1,1,1,1,1,1,2509.04,100.0,0.045522,0.2,39.9426,0.20577,0.21,100.0,0.0606203,0.39,37.3489,0.212468,0.22,35.711,0.20918,0.21,100.0,0.0172486,0.49,0.0,0.539569,0.0,0.045522,0.203982,0.0606203,0.21549,0.208199,0.0172486,0,0,0,0,0,0,0,0,0,0,0,0,70.227,71.6061,0,0.0,35.6988,37.3064,0.0,39.9588,0.0,1,1,1,2,2,1,2,2,1,2,1,1,2,-0.0148706,1,0.0278696,1,50.0,0.0219468,1,150.662,88.4155,0.0221573,0.64,True
2017-10-11 12:09:07,1101946,0.00128143,63.0495,1,1,1,2,1,1,1,1,1,1,2509.04,100.0,0.045522,0.2,39.9426,0.20577,0.21,100.0,0.0606203,0.39,37.3489,0.212468,0.22,35.711,0.20918,0.21,100.0,0.0172486,0.49,0.0,0.539569,0.0,0.045522,0.203982,0.0606203,0.21549,0.208199,0.0172486,0,0,0,0,0,0,0,0,0,0,0,0,70.227,71.6061,0,0.0,35.6988,37.3064,0.0,39.9588,0.0,1,1,1,2,2,1,2,2,1,2,1,1,2,-0.0148706,1,0.0278696,1,50.0,0.0219468,1,150.662,88.4155,0.0221573,0.64,True
2017-10-11 12:09:08,1101947,0.00128143,63.0495,1,1,1,2,1,1,1,1,1,1,2509.04,100.0,0.045522,0.2,39.9426,0.20577,0.21,100.0,0.0606203,0.39,37.3489,0.212468,0.22,35.711,0.20918,0.21,100.0,0.0172486,0.49,0.0,0.539569,0.0,0.045522,0.203982,0.0606203,0.21549,0.208199,0.0172486,0,0,0,0,0,0,0,0,0,0,0,0,70.227,71.6061,0,0.0,35.6988,37.3064,0.0,39.9588,0.0,1,1,1,2,2,1,2,2,1,2,1,1,2,-0.0148706,1,0.0278696,1,50.0,0.0219468,1,150.662,88.4155,0.0221573,0.64,True
2017-10-11 12:09:09,1101948,0.00128143,63.0495,1,1,1,2,1,1,1,1,1,1,2509.04,100.0,0.045522,0.2,39.9426,0.20577,0.21,100.0,0.0606203,0.39,37.3489,0.212468,0.22,35.711,0.20918,0.21,100.0,0.0172486,0.49,0.0,0.539569,0.0,0.045522,0.203982,0.0606203,0.21549,0.208199,0.0172486,0,0,0,0,0,0,0,0,0,0,0,0,70.227,71.6061,0,0.0,35.6988,37.3064,0.0,39.9588,0.0,1,1,1,2,2,1,2,2,1,2,1,1,2,-0.0148706,1,0.0278696,1,50.0,0.0219468,1,150.662,88.4155,0.0221573,0.64,True
2017-10-11 12:09:10,1101949,0.00128143,63.0495,1,1,1,2,1,1,1,1,1,1,2509.04,100.0,0.045522,0.2,39.9426,0.20577,0.21,100.0,0.0606203,0.39,37.3489,0.212468,0.22,35.711,0.20918,0.21,100.0,0.0172486,0.49,0.0,0.539569,0.0,0.045522,0.203982,0.0606203,0.21549,0.208199,0.0172486,0,0,0,0,0,0,0,0,0,0,0,0,70.227,71.6061,0,0.0,35.6988,37.3064,0.0,39.9588,0.0,1,1,1,2,2,1,2,2,1,2,1,1,2,-0.0148706,1,0.0278696,1,50.0,0.0219468,1,150.662,88.4155,0.0221573,0.64,True
2017-10-11 12:09:11,1101950,0.00128143,63.0495,1,1,1,2,1,1,1,1,1,1,2509.04,100.0,0.045522,0.2,39.9426,0.20577,0.21,100.0,0.0606203,0.39,37.3489,0.212468,0.22,35.711,0.20918,0.21,100.0,0.0172486,0.49,0.0,0.539569,0.0,0.045522,0.203982,0.0606203,0.21549,0.208199,0.0172486,0,0,0,0,0,0,0,0,0,0,0,0,70.227,71.6061,0,0.0,35.6988,37.3064,0.0,39.9588,0.0,1,1,1,2,2,1,2,2,1,2,1,1,2,-0.0148706,1,0.0278696,1,50.0,0.0219468,1,150.662,88.4155,0.0221573,0.64,True
2017-10-11 12:09:12,1101951,0.00117406,63.0464,1,1,1,2,1,1,1,1,1,1,2509.09,100.0,0.045522,0.2,39.9885,0.205533,0.21,100.0,0.0606203,0.39,37.3706,0.215611,0.22,35.7091,0.21006100000000005,0.21,100.0,0.0172486,0.49,0.0,0.539665,0.0,0.045522,0.207543,0.0606203,0.211191,0.208105,0.0172486,0,0,0,0,0,0,0,0,0,0,0,0,70.2383,71.5781,0,0.0,35.7091,37.3706,0.0,39.9885,0.0,1,1,1,2,2,1,2,2,1,2,1,1,2,-0.017181799999999997,1,0.02755,1,50.0,0.022233000000000003,1,150.644,88.5156,0.0220973,0.64,True
2017-10-11 12:09:13,1101952,0.00117406,63.0464,1,1,1,2,1,1,1,1,1,1,2509.09,100.0,0.045522,0.2,39.9885,0.205533,0.21,100.0,0.0606203,0.39,37.3706,0.215611,0.22,35.7091,0.21006100000000005,0.21,100.0,0.0172486,0.49,0.0,0.539665,0.0,0.045522,0.207543,0.0606203,0.211191,0.208105,0.0172486,0,0,0,0,0,0,0,0,0,0,0,0,70.2383,71.5781,0,0.0,35.7091,37.3706,0.0,39.9885,0.0,1,1,1,2,2,1,2,2,1,2,1,1,2,-0.017181799999999997,1,0.02755,1,50.0,0.022233000000000003,1,150.644,88.5156,0.0220973,0.64,True
2017-10-11 12:09:14,1101953,0.00117406,63.0464,1,1,1,2,1,1,1,1,1,1,2509.09,100.0,0.045522,0.2,39.9885,0.205533,0.21,100.0,0.0606203,0.39,37.3706,0.215611,0.22,35.7091,0.21006100000000005,0.21,100.0,0.0172486,0.49,0.0,0.539665,0.0,0.045522,0.207543,0.0606203,0.211191,0.208105,0.0172486,0,0,0,0,0,0,0,0,0,0,0,0,70.2383,71.5781,0,0.0,35.7091,37.3706,0.0,39.9885,0.0,1,1,1,2,2,1,2,2,1,2,1,1,2,-0.017181799999999997,1,0.02755,1,50.0,0.022233000000000003,1,150.644,88.5156,0.0220973,0.64,True
2017-10-11 12:09:15,1101954,0.00117406,63.0464,1,1,1,2,1,1,1,1,1,1,2509.09,100.0,0.045522,0.2,39.9885,0.205533,0.21,100.0,0.0606203,0.39,37.3706,0.215611,0.22,35.7091,0.21006100000000005,0.21,100.0,0.0172486,0.49,0.0,0.539665,0.0,0.045522,0.207543,0.0606203,0.211191,0.208105,0.0172486,0,0,0,0,0,0,0,0,0,0,0,0,70.2383,71.5781,0,0.0,35.7091,37.3706,0.0,39.9885,0.0,1,1,1,2,2,1,2,2,1,2,1,1,2,-0.017181799999999997,1,0.02755,1,50.0,0.022233000000000003,1,150.644,88.5156,0.0220973,0.64,True
2017-10-11 12:09:16,1101955,0.00117406,63.0464,1,1,1,2,1,1,1,1,1,1,2509.09,100.0,0.045522,0.2,39.9885,0.205533,0.21,100.0,0.0606203,0.39,37.3706,0.215611,0.22,35.7091,0.21006100000000005,0.21,100.0,0.0172486,0.49,0.0,0.539665,0.0,0.045522,0.207543,0.0606203,0.211191,0.208105,0.0172486,0,0,0,0,0,0,0,0,0,0,0,0,70.2383,71.5781,0,0.0,35.7091,37.3706,0.0,39.9885,0.0,1,1,1,2,2,1,2,2,1,2,1,1,2,-0.017181799999999997,1,0.02755,1,50.0,0.022233000000000003,1,150.644,88.5156,0.0220973,0.64,True
2017-10-11 12:09:17,1101956,0.00112653,63.0553,1,1,1,2,1,1,1,1,1,1,2504.8,100.0,0.045522,0.2,40.0121,0.207197,0.21,100.0,0.0606203,0.39,37.463,0.212361,0.22,35.7652,0.205188,0.21,100.0,0.0172486,0.49,0.0,0.539636,0.0,0.045522,0.204606,0.0606203,0.211915,0.210475,0.0172486,0,0,0,0,0,0,0,0,0,0,0,0,70.2297,71.6543,0,0.0,35.7186,37.4538,0.0,40.025,0.0,1,1,1,2,2,1,2,2,1,2,1,1,2,-0.014944399999999997,1,0.0279598,1,50.0,0.022224200000000003,1,150.495,88.5355,0.022224200000000003,0.64,True
2017-10-11 12:09:18,1101957,0.00112653,63.0553,1,1,1,2,1,1,1,1,1,1,2504.8,100.0,0.045522,0.2,40.0121,0.207197,0.21,100.0,0.0606203,0.39,37.463,0.212361,0.22,35.7652,0.205188,0.21,100.0,0.0172486,0.49,0.0,0.539636,0.0,0.045522,0.204606,0.0606203,0.211915,0.210475,0.0172486,0,0,0,0,0,0,0,0,0,0,0,0,70.2297,71.6543,0,0.0,35.7186,37.4538,0.0,40.025,0.0,1,1,1,2,2,1,2,2,1,2,1,1,2,-0.014944399999999997,1,0.0279598,1,50.0,0.022224200000000003,1,150.495,88.5355,0.022224200000000003,0.64,True
2017-10-11 12:09:19,1101958,0.00112653,63.0553,1,1,1,2,1,1,1,1,1,1,2504.8,100.0,0.045522,0.2,40.0121,0.207197,0.21,100.0,0.0606203,0.39,37.463,0.212361,0.22,35.7652,0.205188,0.21,100.0,0.0172486,0.49,0.0,0.539636,0.0,0.045522,0.204606,0.0606203,0.211915,0.210475,0.0172486,0,0,0,0,0,0,0,0,0,0,0,0,70.2297,71.6543,0,0.0,35.7186,37.4538,0.0,40.025,0.0,1,1,1,2,2,1,2,2,1,2,1,1,2,-0.014944399999999997,1,0.0279598,1,50.0,0.022224200000000003,1,150.495,88.5355,0.022224200000000003,0.64,True
2017-10-11 12:09:20,1101959,0.00112653,63.0553,1,1,1,2,1,1,1,1,1,1,2504.8,100.0,0.045522,0.2,40.0121,0.207197,0.21,100.0,0.0606203,0.39,37.463,0.212361,0.22,35.7652,0.205188,0.21,100.0,0.0172486,0.49,0.0,0.539636,0.0,0.045522,0.204606,0.0606203,0.211915,0.210475,0.0172486,0,0,0,0,0,0,0,0,0,0,0,0,70.2297,71.6543,0,0.0,35.7186,37.4538,0.0,40.025,0.0,1,1,1,2,2,1,2,2,1,2,1,1,2,-0.014944399999999997,1,0.0279598,1,50.0,0.022224200000000003,1,150.495,88.5355,0.022224200000000003,0.64,True
2017-10-11 12:09:21,1101960,0.00112653,63.0553,1,1,1,2,1,1,1,1,1,1,2504.8,100.0,0.045522,0.2,40.0121,0.207197,0.21,100.0,0.0606203,0.39,37.463,0.212361,0.22,35.7652,0.205188,0.21,100.0,0.0172486,0.49,0.0,0.539636,0.0,0.045522,0.204606,0.0606203,0.211915,0.210475,0.0172486,0,0,0,0,0,0,0,0,0,0,0,0,70.2297,71.6543,0,0.0,35.7186,37.4538,0.0,40.025,0.0,1,1,1,2,2,1,2,2,1,2,1,1,2,-0.014944399999999997,1,0.0279598,1,50.0,0.022224200000000003,1,150.495,88.5355,0.022224200000000003,0.64,True
2017-10-11 12:09:22,1101961,0.00112653,63.0553,1,1,1,2,1,1,1,1,1,1,2504.8,100.0,0.045522,0.2,40.0121,0.207197,0.21,100.0,0.0606203,0.39,37.463,0.212361,0.22,35.7652,0.205188,0.21,100.0,0.0172486,0.49,0.0,0.539636,0.0,0.045522,0.204606,0.0606203,0.211915,0.210475,0.0172486,0,0,0,0,0,0,0,0,0,0,0,0,70.2297,71.6543,0,0.0,35.7186,37.4538,0.0,40.025,0.0,1,1,1,2,2,1,2,2,1,2,1,1,2,-0.014944399999999997,1,0.0279598,1,50.0,0.022224200000000003,1,150.495,88.5355,0.022224200000000003,0.64,True
2017-10-11 12:09:23,1101962,0.00114866,63.0259,1,1,1,2,1,1,1,1,1,1,2505.75,100.0,0.045522,0.2,40.0831,0.205325,0.21,100.0,0.0606203,0.39,37.4241,0.21860900000000005,0.22,35.7322,0.209245,0.21,100.0,0.0172486,0.49,0.0,0.539518,0.0,0.045522,0.205618,0.0606203,0.220571,0.210021,0.0172486,0,0,0,0,0,0,0,0,0,0,0,0,70.2851,71.70100000000002,0,0.0,35.7351,37.4267,0.0,40.1202,0.0,1,1,1,2,2,1,2,2,1,2,1,1,2,-0.0155263,1,0.0269435,1,50.0,0.0219124,1,150.66,88.4735,0.0219124,0.64,True
2017-10-11 12:09:24,1101963,0.00114866,63.0259,1,1,1,2,1,1,1,1,1,1,2505.75,100.0,0.045522,0.2,40.0831,0.205325,0.21,100.0,0.0606203,0.39,37.4241,0.21860900000000005,0.22,35.7322,0.209245,0.21,100.0,0.0172486,0.49,0.0,0.539518,0.0,0.045522,0.205618,0.0606203,0.220571,0.210021,0.0172486,0,0,0,0,0,0,0,0,0,0,0,0,70.2851,71.70100000000002,0,0.0,35.7351,37.4267,0.0,40.1202,0.0,1,1,1,2,2,1,2,2,1,2,1,1,2,-0.0155263,1,0.0269435,1,50.0,0.0219124,1,150.66,88.4735,0.0219124,0.64,True
2017-10-11 12:09:25,1101964,0.00114866,63.0259,1,1,1,2,1,1,1,1,1,1,2505.75,100.0,0.045522,0.2,40.0831,0.205325,0.21,100.0,0.0606203,0.39,37.4241,0.21860900000000005,0.22,35.7322,0.209245,0.21,100.0,0.0172486,0.49,0.0,0.539518,0.0,0.045522,0.205618,0.0606203,0.220571,0.210021,0.0172486,0,0,0,0,0,0,0,0,0,0,0,0,70.2851,71.70100000000002,0,0.0,35.7351,37.4267,0.0,40.1202,0.0,1,1,1,2,2,1,2,2,1,2,1,1,2,-0.0155263,1,0.0269435,1,50.0,0.0219124,1,150.66,88.4735,0.0219124,0.64,True
2017-10-11 12:09:26,1101965,0.00114866,63.0259,1,1,1,2,1,1,1,1,1,1,2505.75,100.0,0.045522,0.2,40.0831,0.205325,0.21,100.0,0.0606203,0.39,37.4241,0.21860900000000005,0.22,35.7322,0.209245,0.21,100.0,0.0172486,0.49,0.0,0.539518,0.0,0.045522,0.205618,0.0606203,0.220571,0.210021,0.0172486,0,0,0,0,0,0,0,0,0,0,0,0,70.2851,71.70100000000002,0,0.0,35.7351,37.4267,0.0,40.1202,0.0,1,1,1,2,2,1,2,2,1,2,1,1,2,-0.0155263,1,0.0269435,1,50.0,0.0219124,1,150.66,88.4735,0.0219124,0.64,True
2017-10-11 12:09:27,1101966,0.00114866,63.0259,1,1,1,2,1,1,1,1,1,1,2505.75,100.0,0.045522,0.2,40.0831,0.205325,0.21,100.0,0.0606203,0.39,37.4241,0.21860900000000005,0.22,35.7322,0.209245,0.21,100.0,0.0172486,0.49,0.0,0.539518,0.0,0.045522,0.205618,0.0606203,0.220571,0.210021,0.0172486,0,0,0,0,0,0,0,0,0,0,0,0,70.2851,71.70100000000002,0,0.0,35.7351,37.4267,0.0,40.1202,0.0,1,1,1,2,2,1,2,2,1,2,1,1,2,-0.0155263,1,0.0269435,1,50.0,0.0219124,1,150.66,88.4735,0.0219124,0.64,True
2017-10-11 12:09:28,1101967,0.00114866,63.0259,1,1,1,2,1,1,1,1,1,1,2505.75,100.0,0.045522,0.2,40.0831,0.205325,0.21,100.0,0.0606203,0.39,37.4241,0.21860900000000005,0.22,35.7322,0.209245,0.21,100.0,0.0172486,0.49,0.0,0.539518,0.0,0.045522,0.205618,0.0606203,0.220571,0.210021,0.0172486,0,0,0,0,0,0,0,0,0,0,0,0,70.2851,71.70100000000002,0,0.0,35.7351,37.4267,0.0,40.1202,0.0,1,1,1,2,2,1,2,2,1,2,1,1,2,-0.0155263,1,0.0269435,1,50.0,0.0219124,1,150.66,88.4735,0.0219124,0.64,True
2017-10-11 12:09:29,1101968,0.00113718,63.0359,1,1,1,2,1,1,1,1,1,1,2506.62,100.0,0.045522,0.2,40.1675,0.202106,0.21,100.0,0.0606203,0.39,37.4215,0.220648,0.22,35.7608,0.20748200000000008,0.21,100.0,0.0172486,0.49,0.0,0.539652,0.0,0.045522,0.203056,0.0606203,0.217571,0.208524,0.0172486,0,0,0,0,0,0,0,0,0,0,0,0,70.2884,71.8605,0,0.0,35.7615,37.4399,0.0,40.1307,0.0,1,1,1,2,2,1,2,2,1,2,1,1,2,-0.0165261,1,0.0273697,1,50.0,0.022053,1,150.48,88.3407,0.022053,0.64,True
2017-10-11 12:09:30,1101969,0.00113718,63.0359,1,1,1,2,1,1,1,1,1,1,2506.62,100.0,0.045522,0.2,40.1675,0.202106,0.21,100.0,0.0606203,0.39,37.4215,0.220648,0.22,35.7608,0.20748200000000008,0.21,100.0,0.0172486,0.49,0.0,0.539652,0.0,0.045522,0.203056,0.0606203,0.217571,0.208524,0.0172486,0,0,0,0,0,0,0,0,0,0,0,0,70.2884,71.8605,0,0.0,35.7615,37.4399,0.0,40.1307,0.0,1,1,1,2,2,1,2,2,1,2,1,1,2,-0.0165261,1,0.0273697,1,50.0,0.022053,1,150.48,88.3407,0.022053,0.64,True
2017-10-11 12:09:31,1101970,0.00113718,63.0359,1,1,1,2,1,1,1,1,1,1,2506.62,100.0,0.045522,0.2,40.1675,0.202106,0.21,100.0,0.0606203,0.39,37.4215,0.220648,0.22,35.7608,0.20748200000000008,0.21,100.0,0.0172486,0.49,0.0,0.539652,0.0,0.045522,0.203056,0.0606203,0.217571,0.208524,0.0172486,0,0,0,0,0,0,0,0,0,0,0,0,70.2884,71.8605,0,0.0,35.7615,37.4399,0.0,40.1307,0.0,1,1,1,2,2,1,2,2,1,2,1,1,2,-0.0165261,1,0.0273697,1,50.0,0.022053,1,150.48,88.3407,0.022053,0.64,True
2017-10-11 12:09:32,1101971,0.00113718,63.0359,1,1,1,2,1,1,1,1,1,1,2506.62,100.0,0.045522,0.2,40.1675,0.202106,0.21,100.0,0.0606203,0.39,37.4215,0.220648,0.22,35.7608,0.20748200000000008,0.21,100.0,0.0172486,0.49,0.0,0.539652,0.0,0.045522,0.203056,0.0606203,0.217571,0.208524,0.0172486,0,0,0,0,0,0,0,0,0,0,0,0,70.2884,71.8605,0,0.0,35.7615,37.4399,0.0,40.1307,0.0,1,1,1,2,2,1,2,2,1,2,1,1,2,-0.0165261,1,0.0273697,1,50.0,0.022053,1,150.48,88.3407,0.022053,0.64,True
2017-10-11 12:09:33,1101972,0.00113718,63.0359,1,1,1,2,1,1,1,1,1,1,2506.62,100.0,0.045522,0.2,40.1675,0.202106,0.21,100.0,0.0606203,0.39,37.4215,0.220648,0.22,35.7608,0.20748200000000008,0.21,100.0,0.0172486,0.49,0.0,0.539652,0.0,0.045522,0.203056,0.0606203,0.217571,0.208524,0.0172486,0,0,0,0,0,0,0,0,0,0,0,0,70.2884,71.8605,0,0.0,35.7615,37.4399,0.0,40.1307,0.0,1,1,1,2,2,1,2,2,1,2,1,1,2,-0.0165261,1,0.0273697,1,50.0,0.022053,1,150.48,88.3407,0.022053,0.64,True
2017-10-11 12:09:34,1101973,0.00113718,63.0359,1,1,1,2,1,1,1,1,1,1,2506.62,100.0,0.045522,0.2,40.1675,0.202106,0.21,100.0,0.0606203,0.39,37.4215,0.220648,0.22,35.7608,0.20748200000000008,0.21,100.0,0.0172486,0.49,0.0,0.539652,0.0,0.045522,0.203056,0.0606203,0.217571,0.208524,0.0172486,0,0,0,0,0,0,0,0,0,0,0,0,70.2884,71.8605,0,0.0,35.7615,37.4399,0.0,40.1307,0.0,1,1,1,2,2,1,2,2,1,2,1,1,2,-0.0165261,1,0.0273697,1,50.0,0.022053,1,150.48,88.3407,0.022053,0.64,True
2017-10-11 12:09:35,1101974,0.00134289,63.0597,1,1,1,2,1,1,1,1,1,1,2504.93,100.0,0.045522,0.2,40.2024,0.204367,0.21,100.0,0.0606203,0.39,37.4703,0.217232,0.22,35.773,0.208725,0.21,100.0,0.0172486,0.49,0.0,0.53955,0.0,0.045522,0.202993,0.0606203,0.21877800000000008,0.208725,0.0172486,0,0,0,0,0,0,0,0,0,0,0,0,70.2443,72.0042,0,0.0,35.8051,37.4448,0.0,40.2271,0.0,1,1,1,2,2,1,2,2,1,2,1,1,2,-0.0148952,1,0.0272878,1,50.0,0.022052,1,150.474,88.3274,0.0219508,0.64,True
2017-10-11 12:09:36,1101975,0.00134289,63.0597,1,1,1,2,1,1,1,1,1,1,2504.93,100.0,0.045522,0.2,40.2024,0.204367,0.21,100.0,0.0606203,0.39,37.4703,0.217232,0.22,35.773,0.208725,0.21,100.0,0.0172486,0.49,0.0,0.53955,0.0,0.045522,0.202993,0.0606203,0.21877800000000008,0.208725,0.0172486,0,0,0,0,0,0,0,0,0,0,0,0,70.2443,72.0042,0,0.0,35.8051,37.4448,0.0,40.2271,0.0,1,1,1,2,2,1,2,2,1,2,1,1,2,-0.0148952,1,0.0272878,1,50.0,0.022052,1,150.474,88.3274,0.0219508,0.64,True
2017-10-11 12:09:37,1101976,0.00134289,63.0597,1,1,1,2,1,1,1,1,1,1,2504.93,100.0,0.045522,0.2,40.2024,0.204367,0.21,100.0,0.0606203,0.39,37.4703,0.217232,0.22,35.773,0.208725,0.21,100.0,0.0172486,0.49,0.0,0.53955,0.0,0.045522,0.202993,0.0606203,0.21877800000000008,0.208725,0.0172486,0,0,0,0,0,0,0,0,0,0,0,0,70.2443,72.0042,0,0.0,35.8051,37.4448,0.0,40.2271,0.0,1,1,1,2,2,1,2,2,1,2,1,1,2,-0.0148952,1,0.0272878,1,50.0,0.022052,1,150.474,88.3274,0.0219508,0.64,True
2017-10-11 12:09:38,1101977,0.00134289,63.0597,1,1,1,2,1,1,1,1,1,1,2504.93,100.0,0.045522,0.2,40.2024,0.204367,0.21,100.0,0.0606203,0.39,37.4703,0.217232,0.22,35.773,0.208725,0.21,100.0,0.0172486,0.49,0.0,0.53955,0.0,0.045522,0.202993,0.0606203,0.21877800000000008,0.208725,0.0172486,0,0,0,0,0,0,0,0,0,0,0,0,70.2443,72.0042,0,0.0,35.8051,37.4448,0.0,40.2271,0.0,1,1,1,2,2,1,2,2,1,2,1,1,2,-0.0148952,1,0.0272878,1,50.0,0.022052,1,150.474,88.3274,0.0219508,0.64,True
2017-10-11 12:09:39,1101978,0.00134289,63.0597,1,1,1,2,1,1,1,1,1,1,2504.93,100.0,0.045522,0.2,40.2024,0.204367,0.21,100.0,0.0606203,0.39,37.4703,0.217232,0.22,35.773,0.208725,0.21,100.0,0.0172486,0.49,0.0,0.53955,0.0,0.045522,0.202993,0.0606203,0.21877800000000008,0.208725,0.0172486,0,0,0,0,0,0,0,0,0,0,0,0,70.2443,72.0042,0,0.0,35.8051,37.4448,0.0,40.2271,0.0,1,1,1,2,2,1,2,2,1,2,1,1,2,-0.0148952,1,0.0272878,1,50.0,0.022052,1,150.474,88.3274,0.0219508,0.64,True
2017-10-11 12:09:40,1101979,0.00135928,63.0296,1,1,1,2,1,1,1,1,1,1,2506.77,100.0,0.045522,0.2,40.2703,0.202796,0.21,100.0,0.0606203,0.39,37.4733,0.218796,0.22,35.8013,0.207779,0.21,100.0,0.0172486,0.49,0.0,0.539673,0.0,0.045522,0.202796,0.0606203,0.218796,0.207779,0.0172486,0,0,0,0,0,0,0,0,0,0,0,0,70.2396,72.285,0,0.0,35.8004,37.489,0.0,40.2286,0.0,1,1,1,2,2,1,2,2,1,2,1,1,2,-0.0155918,1,0.027181200000000003,1,50.0,0.0219311,1,150.29,88.0606,0.0219311,0.64,True
2017-10-11 12:09:41,1101980,0.00135928,63.0296,1,1,1,2,1,1,1,1,1,1,2506.77,100.0,0.045522,0.2,40.2703,0.202796,0.21,100.0,0.0606203,0.39,37.4733,0.218796,0.22,35.8013,0.207779,0.21,100.0,0.0172486,0.49,0.0,0.539673,0.0,0.045522,0.202796,0.0606203,0.218796,0.207779,0.0172486,0,0,0,0,0,0,0,0,0,0,0,0,70.2396,72.285,0,0.0,35.8004,37.489,0.0,40.2286,0.0,1,1,1,2,2,1,2,2,1,2,1,1,2,-0.0155918,1,0.027181200000000003,1,50.0,0.0219311,1,150.29,88.0606,0.0219311,0.64,True
2017-10-11 12:09:42,1101981,0.00135928,63.0296,1,1,1,2,1,1,1,1,1,1,2506.77,100.0,0.045522,0.2,40.2703,0.202796,0.21,100.0,0.0606203,0.39,37.4733,0.218796,0.22,35.8013,0.207779,0.21,100.0,0.0172486,0.49,0.0,0.539673,0.0,0.045522,0.202796,0.0606203,0.218796,0.207779,0.0172486,0,0,0,0,0,0,0,0,0,0,0,0,70.2396,72.285,0,0.0,35.8004,37.489,0.0,40.2286,0.0,1,1,1,2,2,1,2,2,1,2,1,1,2,-0.0155918,1,0.027181200000000003,1,50.0,0.0219311,1,150.29,88.0606,0.0219311,0.64,True
2017-10-11 12:09:43,1101982,0.00135928,63.0296,1,1,1,2,1,1,1,1,1,1,2506.77,100.0,0.045522,0.2,40.2703,0.202796,0.21,100.0,0.0606203,0.39,37.4733,0.218796,0.22,35.8013,0.207779,0.21,100.0,0.0172486,0.49,0.0,0.539673,0.0,0.045522,0.202796,0.0606203,0.218796,0.207779,0.0172486,0,0,0,0,0,0,0,0,0,0,0,0,70.2396,72.285,0,0.0,35.8004,37.489,0.0,40.2286,0.0,1,1,1,2,2,1,2,2,1,2,1,1,2,-0.0155918,1,0.027181200000000003,1,50.0,0.0219311,1,150.29,88.0606,0.0219311,0.64,True
2017-10-11 12:09:44,1101983,0.00135928,63.0296,1,1,1,2,1,1,1,1,1,1,2506.77,100.0,0.045522,0.2,40.2703,0.202796,0.21,100.0,0.0606203,0.39,37.4733,0.218796,0.22,35.8013,0.207779,0.21,100.0,0.0172486,0.49,0.0,0.539673,0.0,0.045522,0.202796,0.0606203,0.218796,0.207779,0.0172486,0,0,0,0,0,0,0,0,0,0,0,0,70.2396,72.285,0,0.0,35.8004,37.489,0.0,40.2286,0.0,1,1,1,2,2,1,2,2,1,2,1,1,2,-0.0155918,1,0.027181200000000003,1,50.0,0.0219311,1,150.29,88.0606,0.0219311,0.64,True
2017-10-11 12:09:45,1101984,0.00135928,63.0296,1,1,1,2,1,1,1,1,1,1,2506.77,100.0,0.045522,0.2,40.2703,0.202796,0.21,100.0,0.0606203,0.39,37.4733,0.218796,0.22,35.8013,0.207779,0.21,100.0,0.0172486,0.49,0.0,0.539673,0.0,0.045522,0.202796,0.0606203,0.218796,0.207779,0.0172486,0,0,0,0,0,0,0,0,0,0,0,0,70.2396,72.285,0,0.0,35.8004,37.489,0.0,40.2286,0.0,1,1,1,2,2,1,2,2,1,2,1,1,2,-0.0155918,1,0.027181200000000003,1,50.0,0.0219311,1,150.29,88.0606,0.0219311,0.64,True
2017-10-11 12:09:46,1101985,0.00117324,62.9951,1,1,1,2,1,1,1,1,1,1,2504.93,100.0,0.045522,0.2,40.3273,0.202236,0.21,100.0,0.0606203,0.39,37.5107,0.21598,0.22,35.8199,0.208756,0.21,100.0,0.0172486,0.49,0.0,0.539667,0.0,0.045522,0.202236,0.0606203,0.21598,0.208756,0.0172486,0,0,0,0,0,0,0,0,0,0,0,0,70.2729,72.5636,0,0.0,35.8346,37.4727,0.0,40.3026,0.0,1,1,1,2,2,1,2,2,1,2,1,1,2,-0.0146493,1,0.026435400000000005,1,50.0,0.0220865,1,150.371,88.2095,0.0220865,0.64,True
2017-10-11 12:09:47,1101986,0.00117324,62.9951,1,1,1,2,1,1,1,1,1,1,2504.93,100.0,0.045522,0.2,40.3273,0.202236,0.21,100.0,0.0606203,0.39,37.5107,0.21598,0.22,35.8199,0.208756,0.21,100.0,0.0172486,0.49,0.0,0.539667,0.0,0.045522,0.202236,0.0606203,0.21598,0.208756,0.0172486,0,0,0,0,0,0,0,0,0,0,0,0,70.2729,72.5636,0,0.0,35.8346,37.4727,0.0,40.3026,0.0,1,1,1,2,2,1,2,2,1,2,1,1,2,-0.0146493,1,0.026435400000000005,1,50.0,0.0220865,1,150.371,88.2095,0.0220865,0.64,True
2017-10-11 12:09:48,1101987,0.00117324,62.9951,1,1,1,2,1,1,1,1,1,1,2504.93,100.0,0.045522,0.2,40.3273,0.202236,0.21,100.0,0.0606203,0.39,37.5107,0.21598,0.22,35.8199,0.208756,0.21,100.0,0.0172486,0.49,0.0,0.539667,0.0,0.045522,0.202236,0.0606203,0.21598,0.208756,0.0172486,0,0,0,0,0,0,0,0,0,0,0,0,70.2729,72.5636,0,0.0,35.8346,37.4727,0.0,40.3026,0.0,1,1,1,2,2,1,2,2,1,2,1,1,2,-0.0146493,1,0.026435400000000005,1,50.0,0.0220865,1,150.371,88.2095,0.0220865,0.64,True
2017-10-11 12:09:49,1101988,0.00117324,62.9951,1,1,1,2,1,1,1,1,1,1,2504.93,100.0,0.045522,0.2,40.3273,0.202236,0.21,100.0,0.0606203,0.39,37.5107,0.21598,0.22,35.8199,0.208756,0.21,100.0,0.0172486,0.49,0.0,0.539667,0.0,0.045522,0.202236,0.0606203,0.21598,0.208756,0.0172486,0,0,0,0,0,0,0,0,0,0,0,0,70.2729,72.5636,0,0.0,35.8346,37.4727,0.0,40.3026,0.0,1,1,1,2,2,1,2,2,1,2,1,1,2,-0.0146493,1,0.026435400000000005,1,50.0,0.0220865,1,150.371,88.2095,0.0220865,0.64,True
2017-10-11 12:09:50,1101989,0.00117324,62.9951,1,1,1,2,1,1,1,1,1,1,2504.93,100.0,0.045522,0.2,40.3273,0.202236,0.21,100.0,0.0606203,0.39,37.5107,0.21598,0.22,35.8199,0.208756,0.21,100.0,0.0172486,0.49,0.0,0.539667,0.0,0.045522,0.202236,0.0606203,0.21598,0.208756,0.0172486,0,0,0,0,0,0,0,0,0,0,0,0,70.2729,72.5636,0,0.0,35.8346,37.4727,0.0,40.3026,0.0,1,1,1,2,2,1,2,2,1,2,1,1,2,-0.0146493,1,0.026435400000000005,1,50.0,0.0220865,1,150.371,88.2095,0.0220865,0.64,True
2017-10-11 12:09:51,1101990,0.00117242,63.0071,1,1,1,2,1,1,1,1,1,1,2502.03,100.0,0.045522,0.2,40.3737,0.203025,0.21,100.0,0.0606203,0.39,37.52,0.216876,0.22,35.8196,0.210139,0.21,100.0,0.0172486,0.49,0.0,0.539582,0.0,0.045522,0.204155,0.0606203,0.216243,0.208942,0.0172486,0,0,0,0,0,0,0,0,0,0,0,0,70.277,72.8745,0,0.0,35.8512,37.4773,0.0,40.3527,0.0,1,1,1,2,2,1,2,2,1,2,1,1,2,-0.015641,1,0.0275254,1,50.0,0.0222428,1,150.434,88.2715,0.0222576,0.64,True
2017-10-11 12:09:52,1101991,0.00117242,63.0071,1,1,1,2,1,1,1,1,1,1,2502.03,100.0,0.045522,0.2,40.3737,0.203025,0.21,100.0,0.0606203,0.39,37.52,0.216876,0.22,35.8196,0.210139,0.21,100.0,0.0172486,0.49,0.0,0.539582,0.0,0.045522,0.204155,0.0606203,0.216243,0.208942,0.0172486,0,0,0,0,0,0,0,0,0,0,0,0,70.277,72.8745,0,0.0,35.8512,37.4773,0.0,40.3527,0.0,1,1,1,2,2,1,2,2,1,2,1,1,2,-0.015641,1,0.0275254,1,50.0,0.0222428,1,150.434,88.2715,0.0222576,0.64,True
2017-10-11 12:09:53,1101992,0.00117242,63.0071,1,1,1,2,1,1,1,1,1,1,2502.03,100.0,0.045522,0.2,40.3737,0.203025,0.21,100.0,0.0606203,0.39,37.52,0.216876,0.22,35.8196,0.210139,0.21,100.0,0.0172486,0.49,0.0,0.539582,0.0,0.045522,0.204155,0.0606203,0.216243,0.208942,0.0172486,0,0,0,0,0,0,0,0,0,0,0,0,70.277,72.8745,0,0.0,35.8512,37.4773,0.0,40.3527,0.0,1,1,1,2,2,1,2,2,1,2,1,1,2,-0.015641,1,0.0275254,1,50.0,0.0222428,1,150.434,88.2715,0.0222576,0.64,True
2017-10-11 12:09:54,1101993,0.00117242,63.0071,1,1,1,2,1,1,1,1,1,1,2502.03,100.0,0.045522,0.2,40.3737,0.203025,0.21,100.0,0.0606203,0.39,37.52,0.216876,0.22,35.8196,0.210139,0.21,100.0,0.0172486,0.49,0.0,0.539582,0.0,0.045522,0.204155,0.0606203,0.216243,0.208942,0.0172486,0,0,0,0,0,0,0,0,0,0,0,0,70.277,72.8745,0,0.0,35.8512,37.4773,0.0,40.3527,0.0,1,1,1,2,2,1,2,2,1,2,1,1,2,-0.015641,1,0.0275254,1,50.0,0.0222428,1,150.434,88.2715,0.0222576,0.64,True
2017-10-11 12:09:55,1101994,0.00117242,63.0071,1,1,1,2,1,1,1,1,1,1,2502.03,100.0,0.045522,0.2,40.3737,0.203025,0.21,100.0,0.0606203,0.39,37.52,0.216876,0.22,35.8196,0.210139,0.21,100.0,0.0172486,0.49,0.0,0.539582,0.0,0.045522,0.204155,0.0606203,0.216243,0.208942,0.0172486,0,0,0,0,0,0,0,0,0,0,0,0,70.277,72.8745,0,0.0,35.8512,37.4773,0.0,40.3527,0.0,1,1,1,2,2,1,2,2,1,2,1,1,2,-0.015641,1,0.0275254,1,50.0,0.0222428,1,150.434,88.2715,0.0222576,0.64,True
2017-10-11 12:09:56,1101995,0.00117242,63.0071,1,1,1,2,1,1,1,1,1,1,2502.03,100.0,0.045522,0.2,40.3737,0.203025,0.21,100.0,0.0606203,0.39,37.52,0.216876,0.22,35.8196,0.210139,0.21,100.0,0.0172486,0.49,0.0,0.539582,0.0,0.045522,0.204155,0.0606203,0.216243,0.208942,0.0172486,0,0,0,0,0,0,0,0,0,0,0,0,70.277,72.8745,0,0.0,35.8512,37.4773,0.0,40.3527,0.0,1,1,1,2,2,1,2,2,1,2,1,1,2,-0.015641,1,0.0275254,1,50.0,0.0222428,1,150.434,88.2715,0.0222576,0.64,True
2017-10-11 12:09:57,1101996,0.00117488,63.1339,1,1,1,2,1,1,1,1,1,1,2503.61,100.0,0.045522,0.2,40.3848,0.207155,0.21,100.0,0.0606203,0.39,37.5067,0.219588,0.22,35.8543,0.208774,0.21,100.0,0.0172486,0.49,0.0,0.539608,0.0,0.045522,0.202072,0.0606203,0.21975100000000009,0.206275,0.0172486,0,0,0,0,0,0,0,0,0,0,0,0,70.2665,72.9968,0,0.0,35.8474,37.5267,0.0,40.4068,0.0,1,1,1,2,2,1,2,2,1,2,1,1,2,-0.0149116,1,0.0275828,1,50.0,0.0220304,1,150.308,88.2204,0.0220973,0.64,True
2017-10-11 12:09:58,1101997,0.00117488,63.1339,1,1,1,2,1,1,1,1,1,1,2503.61,100.0,0.045522,0.2,40.3848,0.207155,0.21,100.0,0.0606203,0.39,37.5067,0.219588,0.22,35.8543,0.208774,0.21,100.0,0.0172486,0.49,0.0,0.539608,0.0,0.045522,0.202072,0.0606203,0.21975100000000009,0.206275,0.0172486,0,0,0,0,0,0,0,0,0,0,0,0,70.2665,72.9968,0,0.0,35.8474,37.5267,0.0,40.4068,0.0,1,1,1,2,2,1,2,2,1,2,1,1,2,-0.0149116,1,0.0275828,1,50.0,0.0220304,1,150.308,88.2204,0.0220973,0.64,True
2017-10-11 12:09:59,1101998,0.00117488,63.1339,1,1,1,2,1,1,1,1,1,1,2503.61,100.0,0.045522,0.2,40.3848,0.207155,0.21,100.0,0.0606203,0.39,37.5067,0.219588,0.22,35.8543,0.208774,0.21,100.0,0.0172486,0.49,0.0,0.539608,0.0,0.045522,0.202072,0.0606203,0.21975100000000009,0.206275,0.0172486,0,0,0,0,0,0,0,0,0,0,0,0,70.2665,72.9968,0,0.0,35.8474,37.5267,0.0,40.4068,0.0,1,1,1,2,2,1,2,2,1,2,1,1,2,-0.0149116,1,0.0275828,1,50.0,0.0220304,1,150.308,88.2204,0.0220973,0.64,True
2017-10-11 12:10:00,1101999,0.00117488,63.1339,1,1,1,2,1,1,1,1,1,1,2503.61,100.0,0.045522,0.2,40.3848,0.207155,0.21,100.0,0.0606203,0.39,37.5067,0.219588,0.22,35.8543,0.208774,0.21,100.0,0.0172486,0.49,0.0,0.539608,0.0,0.045522,0.202072,0.0606203,0.21975100000000009,0.206275,0.0172486,0,0,0,0,0,0,0,0,0,0,0,0,70.2665,72.9968,0,0.0,35.8474,37.5267,0.0,40.4068,0.0,1,1,1,2,2,1,2,2,1,2,1,1,2,-0.0149116,1,0.0275828,1,50.0,0.0220304,1,150.308,88.2204,0.0220973,0.64,True
2017-10-11 12:10:01,1102000,0.00117488,63.1339,1,1,1,2,1,1,1,1,1,1,2503.61,100.0,0.045522,0.2,40.3848,0.207155,0.21,100.0,0.0606203,0.39,37.5067,0.219588,0.22,35.8543,0.208774,0.21,100.0,0.0172486,0.49,0.0,0.539608,0.0,0.045522,0.202072,0.0606203,0.21975100000000009,0.206275,0.0172486,0,0,0,0,0,0,0,0,0,0,0,0,70.2665,72.9968,0,0.0,35.8474,37.5267,0.0,40.4068,0.0,1,1,1,2,2,1,2,2,1,2,1,1,2,-0.0149116,1,0.0275828,1,50.0,0.0220304,1,150.308,88.2204,0.0220973,0.64,True
2017-10-11 12:10:02,1102001,0.00117488,63.1339,1,1,1,2,1,1,1,1,1,1,2503.61,100.0,0.045522,0.2,40.3848,0.207155,0.21,100.0,0.0606203,0.39,37.5067,0.219588,0.22,35.8543,0.208774,0.21,100.0,0.0172486,0.49,0.0,0.539608,0.0,0.045522,0.202072,0.0606203,0.21975100000000009,0.206275,0.0172486,0,0,0,0,0,0,0,0,0,0,0,0,70.2665,72.9968,0,0.0,35.8474,37.5267,0.0,40.4068,0.0,1,1,1,2,2,1,2,2,1,2,1,1,2,-0.0149116,1,0.0275828,1,50.0,0.0220304,1,150.308,88.2204,0.0220973,0.64,True
2017-10-11 12:10:03,1102002,0.0012888,63.1683,1,1,1,2,1,1,1,1,1,1,2502.26,100.0,0.045522,0.2,40.4385,0.206607,0.21,100.0,0.0606203,0.39,37.5216,0.219754,0.22,35.8763,0.207971,0.21,100.0,0.0172486,0.49,0.0,0.539756,0.0,0.045522,0.203663,0.0606203,0.21673,0.21023200000000009,0.0172486,0,0,0,0,0,0,0,0,0,0,0,0,70.2265,73.1207,0,0.0,35.8462,37.5487,0.0,40.4703,0.0,1,1,1,2,2,1,2,2,1,2,1,1,2,-0.0146165,1,0.026001,1,50.0,0.021993,1,150.398,88.2553,0.021993,0.64,True
2017-10-11 12:10:04,1102003,0.0012888,63.1683,1,1,1,2,1,1,1,1,1,1,2502.26,100.0,0.045522,0.2,40.4385,0.206607,0.21,100.0,0.0606203,0.39,37.5216,0.219754,0.22,35.8763,0.207971,0.21,100.0,0.0172486,0.49,0.0,0.539756,0.0,0.045522,0.203663,0.0606203,0.21673,0.21023200000000009,0.0172486,0,0,0,0,0,0,0,0,0,0,0,0,70.2265,73.1207,0,0.0,35.8462,37.5487,0.0,40.4703,0.0,1,1,1,2,2,1,2,2,1,2,1,1,2,-0.0146165,1,0.026001,1,50.0,0.021993,1,150.398,88.2553,0.021993,0.64,True
2017-10-11 12:10:05,1102004,0.0012888,63.1683,1,1,1,2,1,1,1,1,1,1,2502.26,100.0,0.045522,0.2,40.4385,0.206607,0.21,100.0,0.0606203,0.39,37.5216,0.219754,0.22,35.8763,0.207971,0.21,100.0,0.0172486,0.49,0.0,0.539756,0.0,0.045522,0.203663,0.0606203,0.21673,0.21023200000000009,0.0172486,0,0,0,0,0,0,0,0,0,0,0,0,70.2265,73.1207,0,0.0,35.8462,37.5487,0.0,40.4703,0.0,1,1,1,2,2,1,2,2,1,2,1,1,2,-0.0146165,1,0.026001,1,50.0,0.021993,1,150.398,88.2553,0.021993,0.64,True
2017-10-11 12:10:06,1102005,0.0012888,63.1683,1,1,1,2,1,1,1,1,1,1,2502.26,100.0,0.045522,0.2,40.4385,0.206607,0.21,100.0,0.0606203,0.39,37.5216,0.219754,0.22,35.8763,0.207971,0.21,100.0,0.0172486,0.49,0.0,0.539756,0.0,0.045522,0.203663,0.0606203,0.21673,0.21023200000000009,0.0172486,0,0,0,0,0,0,0,0,0,0,0,0,70.2265,73.1207,0,0.0,35.8462,37.5487,0.0,40.4703,0.0,1,1,1,2,2,1,2,2,1,2,1,1,2,-0.0146165,1,0.026001,1,50.0,0.021993,1,150.398,88.2553,0.021993,0.64,True
2017-10-11 12:10:07,1102006,0.0012888,63.1683,1,1,1,2,1,1,1,1,1,1,2502.26,100.0,0.045522,0.2,40.4385,0.206607,0.21,100.0,0.0606203,0.39,37.5216,0.219754,0.22,35.8763,0.207971,0.21,100.0,0.0172486,0.49,0.0,0.539756,0.0,0.045522,0.203663,0.0606203,0.21673,0.21023200000000009,0.0172486,0,0,0,0,0,0,0,0,0,0,0,0,70.2265,73.1207,0,0.0,35.8462,37.5487,0.0,40.4703,0.0,1,1,1,2,2,1,2,2,1,2,1,1,2,-0.0146165,1,0.026001,1,50.0,0.021993,1,150.398,88.2553,0.021993,0.64,True
2017-10-11 12:10:08,1102007,0.0012888,63.1683,1,1,1,2,1,1,1,1,1,1,2502.26,100.0,0.045522,0.2,40.4385,0.206607,0.21,100.0,0.0606203,0.39,37.5216,0.219754,0.22,35.8763,0.207971,0.21,100.0,0.0172486,0.49,0.0,0.539756,0.0,0.045522,0.203663,0.0606203,0.21673,0.21023200000000009,0.0172486,0,0,0,0,0,0,0,0,0,0,0,0,70.2265,73.1207,0,0.0,35.8462,37.5487,0.0,40.4703,0.0,1,1,1,2,2,1,2,2,1,2,1,1,2,-0.0146165,1,0.026001,1,50.0,0.021993,1,150.398,88.2553,0.021993,0.64,True
2017-10-11 12:10:09,1102008,0.00139207,63.1523,1,1,1,2,1,1,1,1,1,1,2500.64,100.0,0.045522,0.2,40.4601,0.207696,0.21,100.0,0.0606203,0.39,37.5541,0.218217,0.22,35.8863,0.208649,0.21,100.0,0.0172486,0.49,0.0,0.539632,0.0,0.045522,0.210099,0.0606203,0.219188,0.206213,0.0172486,0,0,0,0,0,0,0,0,0,0,0,0,70.2055,73.1322,0,0.0,35.8863,37.5541,0.0,40.4601,0.0,1,1,1,2,2,1,2,2,1,2,1,1,2,-0.0161327,1,0.0272058,1,50.0,0.021717700000000003,1,150.409,88.1735,0.021717700000000003,0.64,True
2017-10-11 12:10:10,1102009,0.00139207,63.1523,1,1,1,2,1,1,1,1,1,1,2500.64,100.0,0.045522,0.2,40.4601,0.207696,0.21,100.0,0.0606203,0.39,37.5541,0.218217,0.22,35.8863,0.208649,0.21,100.0,0.0172486,0.49,0.0,0.539632,0.0,0.045522,0.210099,0.0606203,0.219188,0.206213,0.0172486,0,0,0,0,0,0,0,0,0,0,0,0,70.2055,73.1322,0,0.0,35.8863,37.5541,0.0,40.4601,0.0,1,1,1,2,2,1,2,2,1,2,1,1,2,-0.0161327,1,0.0272058,1,50.0,0.021717700000000003,1,150.409,88.1735,0.021717700000000003,0.64,True
2017-10-11 12:10:11,1102010,0.00139207,63.1523,1,1,1,2,1,1,1,1,1,1,2500.64,100.0,0.045522,0.2,40.4601,0.207696,0.21,100.0,0.0606203,0.39,37.5541,0.218217,0.22,35.8863,0.208649,0.21,100.0,0.0172486,0.49,0.0,0.539632,0.0,0.045522,0.210099,0.0606203,0.219188,0.206213,0.0172486,0,0,0,0,0,0,0,0,0,0,0,0,70.2055,73.1322,0,0.0,35.8863,37.5541,0.0,40.4601,0.0,1,1,1,2,2,1,2,2,1,2,1,1,2,-0.0161327,1,0.0272058,1,50.0,0.021717700000000003,1,150.409,88.1735,0.021717700000000003,0.64,True
2017-10-11 12:10:12,1102011,0.00139207,63.1523,1,1,1,2,1,1,1,1,1,1,2500.64,100.0,0.045522,0.2,40.4601,0.207696,0.21,100.0,0.0606203,0.39,37.5541,0.218217,0.22,35.8863,0.208649,0.21,100.0,0.0172486,0.49,0.0,0.539632,0.0,0.045522,0.210099,0.0606203,0.219188,0.206213,0.0172486,0,0,0,0,0,0,0,0,0,0,0,0,70.2055,73.1322,0,0.0,35.8863,37.5541,0.0,40.4601,0.0,1,1,1,2,2,1,2,2,1,2,1,1,2,-0.0161327,1,0.0272058,1,50.0,0.021717700000000003,1,150.409,88.1735,0.021717700000000003,0.64,True
2017-10-11 12:10:13,1102012,0.00139207,63.1523,1,1,1,2,1,1,1,1,1,1,2500.64,100.0,0.045522,0.2,40.4601,0.207696,0.21,100.0,0.0606203,0.39,37.5541,0.218217,0.22,35.8863,0.208649,0.21,100.0,0.0172486,0.49,0.0,0.539632,0.0,0.045522,0.210099,0.0606203,0.219188,0.206213,0.0172486,0,0,0,0,0,0,0,0,0,0,0,0,70.2055,73.1322,0,0.0,35.8863,37.5541,0.0,40.4601,0.0,1,1,1,2,2,1,2,2,1,2,1,1,2,-0.0161327,1,0.0272058,1,50.0,0.021717700000000003,1,150.409,88.1735,0.021717700000000003,0.64,True
2017-10-11 12:10:14,1102013,0.00115439,63.1732,1,1,1,2,1,1,1,1,1,1,2500.06,100.0,0.045522,0.2,40.4724,0.207974,0.21,100.0,0.0606203,0.39,37.5584,0.219715,0.22,35.9148,0.208217,0.21,100.0,0.0172486,0.49,0.0,0.5397310000000001,0.0,0.045522,0.206157,0.0606203,0.219126,0.205008,0.0172486,0,0,0,0,0,0,0,0,0,0,0,0,70.1692,73.1233,0,0.0,35.925,37.5877,0.0,40.4901,0.0,1,1,1,2,2,1,2,2,1,2,1,1,2,-0.016616299999999997,1,0.0266567,1,50.0,0.0217737,1,150.282,88.1272,0.0217737,0.64,True
2017-10-11 12:10:15,1102014,0.00115439,63.1732,1,1,1,2,1,1,1,1,1,1,2500.06,100.0,0.045522,0.2,40.4724,0.207974,0.21,100.0,0.0606203,0.39,37.5584,0.219715,0.22,35.9148,0.208217,0.21,100.0,0.0172486,0.49,0.0,0.5397310000000001,0.0,0.045522,0.206157,0.0606203,0.219126,0.205008,0.0172486,0,0,0,0,0,0,0,0,0,0,0,0,70.1692,73.1233,0,0.0,35.925,37.5877,0.0,40.4901,0.0,1,1,1,2,2,1,2,2,1,2,1,1,2,-0.016616299999999997,1,0.0266567,1,50.0,0.0217737,1,150.282,88.1272,0.0217737,0.64,True
2017-10-11 12:10:16,1102015,0.00115439,63.1732,1,1,1,2,1,1,1,1,1,1,2500.06,100.0,0.045522,0.2,40.4724,0.207974,0.21,100.0,0.0606203,0.39,37.5584,0.219715,0.22,35.9148,0.208217,0.21,100.0,0.0172486,0.49,0.0,0.5397310000000001,0.0,0.045522,0.206157,0.0606203,0.219126,0.205008,0.0172486,0,0,0,0,0,0,0,0,0,0,0,0,70.1692,73.1233,0,0.0,35.925,37.5877,0.0,40.4901,0.0,1,1,1,2,2,1,2,2,1,2,1,1,2,-0.016616299999999997,1,0.0266567,1,50.0,0.0217737,1,150.282,88.1272,0.0217737,0.64,True
2017-10-11 12:10:17,1102016,0.00115439,63.1732,1,1,1,2,1,1,1,1,1,1,2500.06,100.0,0.045522,0.2,40.4724,0.207974,0.21,100.0,0.0606203,0.39,37.5584,0.219715,0.22,35.9148,0.208217,0.21,100.0,0.0172486,0.49,0.0,0.5397310000000001,0.0,0.045522,0.206157,0.0606203,0.219126,0.205008,0.0172486,0,0,0,0,0,0,0,0,0,0,0,0,70.1692,73.1233,0,0.0,35.925,37.5877,0.0,40.4901,0.0,1,1,1,2,2,1,2,2,1,2,1,1,2,-0.016616299999999997,1,0.0266567,1,50.0,0.0217737,1,150.282,88.1272,0.0217737,0.64,True
2017-10-11 12:10:18,1102017,0.00115439,63.1732,1,1,1,2,1,1,1,1,1,1,2500.06,100.0,0.045522,0.2,40.4724,0.207974,0.21,100.0,0.0606203,0.39,37.5584,0.219715,0.22,35.9148,0.208217,0.21,100.0,0.0172486,0.49,0.0,0.5397310000000001,0.0,0.045522,0.206157,0.0606203,0.219126,0.205008,0.0172486,0,0,0,0,0,0,0,0,0,0,0,0,70.1692,73.1233,0,0.0,35.925,37.5877,0.0,40.4901,0.0,1,1,1,2,2,1,2,2,1,2,1,1,2,-0.016616299999999997,1,0.0266567,1,50.0,0.0217737,1,150.282,88.1272,0.0217737,0.64,True
2017-10-11 12:10:19,1102018,0.00115439,63.1732,1,1,1,2,1,1,1,1,1,1,2500.06,100.0,0.045522,0.2,40.4724,0.207974,0.21,100.0,0.0606203,0.39,37.5584,0.219715,0.22,35.9148,0.208217,0.21,100.0,0.0172486,0.49,0.0,0.5397310000000001,0.0,0.045522,0.206157,0.0606203,0.219126,0.205008,0.0172486,0,0,0,0,0,0,0,0,0,0,0,0,70.1692,73.1233,0,0.0,35.925,37.5877,0.0,40.4901,0.0,1,1,1,2,2,1,2,2,1,2,1,1,2,-0.016616299999999997,1,0.0266567,1,50.0,0.0217737,1,150.282,88.1272,0.0217737,0.64,True
2017-10-11 12:10:20,1102019,0.00120193,63.1132,1,1,1,2,1,1,1,1,1,1,2498.57,100.0,0.045522,0.2,40.4936,0.207233,0.21,100.0,0.0606203,0.39,37.6134,0.216121,0.22,35.9683,0.206484,0.21,100.0,0.0172486,0.49,0.0,0.5395909999999999,0.0,0.045522,0.210878,0.0606203,0.217841,0.209231,0.0172486,0,0,0,0,0,0,0,0,0,0,0,0,70.16199999999999,72.9722,0,0.0,35.9766,37.5762,0.0,40.4653,0.0,1,1,1,2,2,1,2,2,1,2,1,1,2,-0.015091899999999997,1,0.0279024,1,50.0,0.021756,1,150.224,88.1,0.0217688,0.64,True
2017-10-11 12:10:21,1102020,0.00120193,63.1132,1,1,1,2,1,1,1,1,1,1,2498.57,100.0,0.045522,0.2,40.4936,0.207233,0.21,100.0,0.0606203,0.39,37.6134,0.216121,0.22,35.9683,0.206484,0.21,100.0,0.0172486,0.49,0.0,0.5395909999999999,0.0,0.045522,0.210878,0.0606203,0.217841,0.209231,0.0172486,0,0,0,0,0,0,0,0,0,0,0,0,70.16199999999999,72.9722,0,0.0,35.9766,37.5762,0.0,40.4653,0.0,1,1,1,2,2,1,2,2,1,2,1,1,2,-0.015091899999999997,1,0.0279024,1,50.0,0.021756,1,150.224,88.1,0.0217688,0.64,True
2017-10-11 12:10:22,1102021,0.00120193,63.1132,1,1,1,2,1,1,1,1,1,1,2498.57,100.0,0.045522,0.2,40.4936,0.207233,0.21,100.0,0.0606203,0.39,37.6134,0.216121,0.22,35.9683,0.206484,0.21,100.0,0.0172486,0.49,0.0,0.5395909999999999,0.0,0.045522,0.210878,0.0606203,0.217841,0.209231,0.0172486,0,0,0,0,0,0,0,0,0,0,0,0,70.16199999999999,72.9722,0,0.0,35.9766,37.5762,0.0,40.4653,0.0,1,1,1,2,2,1,2,2,1,2,1,1,2,-0.015091899999999997,1,0.0279024,1,50.0,0.021756,1,150.224,88.1,0.0217688,0.64,True
2017-10-11 12:10:23,1102022,0.00120193,63.1132,1,1,1,2,1,1,1,1,1,1,2498.57,100.0,0.045522,0.2,40.4936,0.207233,0.21,100.0,0.0606203,0.39,37.6134,0.216121,0.22,35.9683,0.206484,0.21,100.0,0.0172486,0.49,0.0,0.5395909999999999,0.0,0.045522,0.210878,0.0606203,0.217841,0.209231,0.0172486,0,0,0,0,0,0,0,0,0,0,0,0,70.16199999999999,72.9722,0,0.0,35.9766,37.5762,0.0,40.4653,0.0,1,1,1,2,2,1,2,2,1,2,1,1,2,-0.015091899999999997,1,0.0279024,1,50.0,0.021756,1,150.224,88.1,0.0217688,0.64,True
2017-10-11 12:10:24,1102023,0.00120193,63.1132,1,1,1,2,1,1,1,1,1,1,2498.57,100.0,0.045522,0.2,40.4936,0.207233,0.21,100.0,0.0606203,0.39,37.6134,0.216121,0.22,35.9683,0.206484,0.21,100.0,0.0172486,0.49,0.0,0.5395909999999999,0.0,0.045522,0.210878,0.0606203,0.217841,0.209231,0.0172486,0,0,0,0,0,0,0,0,0,0,0,0,70.16199999999999,72.9722,0,0.0,35.9766,37.5762,0.0,40.4653,0.0,1,1,1,2,2,1,2,2,1,2,1,1,2,-0.015091899999999997,1,0.0279024,1,50.0,0.021756,1,150.224,88.1,0.0217688,0.64,True
2017-10-11 12:10:25,1102024,0.00120193,63.1132,1,1,1,2,1,1,1,1,1,1,2498.57,100.0,0.045522,0.2,40.4936,0.207233,0.21,100.0,0.0606203,0.39,37.6134,0.216121,0.22,35.9683,0.206484,0.21,100.0,0.0172486,0.49,0.0,0.5395909999999999,0.0,0.045522,0.210878,0.0606203,0.217841,0.209231,0.0172486,0,0,0,0,0,0,0,0,0,0,0,0,70.16199999999999,72.9722,0,0.0,35.9766,37.5762,0.0,40.4653,0.0,1,1,1,2,2,1,2,2,1,2,1,1,2,-0.015091899999999997,1,0.0279024,1,50.0,0.021756,1,150.224,88.1,0.0217688,0.64,True
2017-10-11 12:10:26,1102025,0.00142485,63.0917,1,1,1,2,1,1,1,1,1,1,2500.57,100.0,0.045522,0.2,40.5063,0.207432,0.21,100.0,0.0606203,0.39,37.6305,0.216889,0.22,35.9777,0.207907,0.21,100.0,0.0172486,0.49,0.0,0.5397029999999999,0.0,0.045522,0.207696,0.0606203,0.215865,0.210298,0.0172486,0,0,0,0,0,0,0,0,0,0,0,0,70.1591,72.6172,0,0.0,35.9576,37.6479,0.0,40.5146,0.0,1,1,1,2,2,1,2,2,1,2,1,1,2,-0.0153132,1,0.0265993,1,50.0,0.0216596,1,150.2,88.2484,0.0218259,0.64,True
2017-10-11 12:10:27,1102026,0.00142485,63.0917,1,1,1,2,1,1,1,1,1,1,2500.57,100.0,0.045522,0.2,40.5063,0.207432,0.21,100.0,0.0606203,0.39,37.6305,0.216889,0.22,35.9777,0.207907,0.21,100.0,0.0172486,0.49,0.0,0.5397029999999999,0.0,0.045522,0.207696,0.0606203,0.215865,0.210298,0.0172486,0,0,0,0,0,0,0,0,0,0,0,0,70.1591,72.6172,0,0.0,35.9576,37.6479,0.0,40.5146,0.0,1,1,1,2,2,1,2,2,1,2,1,1,2,-0.0153132,1,0.0265993,1,50.0,0.0216596,1,150.2,88.2484,0.0218259,0.64,True
2017-10-11 12:10:28,1102027,0.00142485,63.0917,1,1,1,2,1,1,1,1,1,1,2500.57,100.0,0.045522,0.2,40.5063,0.207432,0.21,100.0,0.0606203,0.39,37.6305,0.216889,0.22,35.9777,0.207907,0.21,100.0,0.0172486,0.49,0.0,0.5397029999999999,0.0,0.045522,0.207696,0.0606203,0.215865,0.210298,0.0172486,0,0,0,0,0,0,0,0,0,0,0,0,70.1591,72.6172,0,0.0,35.9576,37.6479,0.0,40.5146,0.0,1,1,1,2,2,1,2,2,1,2,1,1,2,-0.0153132,1,0.0265993,1,50.0,0.0216596,1,150.2,88.2484,0.0218259,0.64,True
2017-10-11 12:10:29,1102028,0.00142485,63.0917,1,1,1,2,1,1,1,1,1,1,2500.57,100.0,0.045522,0.2,40.5063,0.207432,0.21,100.0,0.0606203,0.39,37.6305,0.216889,0.22,35.9777,0.207907,0.21,100.0,0.0172486,0.49,0.0,0.5397029999999999,0.0,0.045522,0.207696,0.0606203,0.215865,0.210298,0.0172486,0,0,0,0,0,0,0,0,0,0,0,0,70.1591,72.6172,0,0.0,35.9576,37.6479,0.0,40.5146,0.0,1,1,1,2,2,1,2,2,1,2,1,1,2,-0.0153132,1,0.0265993,1,50.0,0.0216596,1,150.2,88.2484,0.0218259,0.64,True
2017-10-11 12:10:30,1102029,0.00142485,63.0917,1,1,1,2,1,1,1,1,1,1,2500.57,100.0,0.045522,0.2,40.5063,0.207432,0.21,100.0,0.0606203,0.39,37.6305,0.216889,0.22,35.9777,0.207907,0.21,100.0,0.0172486,0.49,0.0,0.5397029999999999,0.0,0.045522,0.207696,0.0606203,0.215865,0.210298,0.0172486,0,0,0,0,0,0,0,0,0,0,0,0,70.1591,72.6172,0,0.0,35.9576,37.6479,0.0,40.5146,0.0,1,1,1,2,2,1,2,2,1,2,1,1,2,-0.0153132,1,0.0265993,1,50.0,0.0216596,1,150.2,88.2484,0.0218259,0.64,True
2017-10-11 12:10:31,1102030,0.00120848,62.9657,1,1,1,2,1,1,1,1,1,1,2499.84,100.0,0.045522,0.2,40.499,0.209645,0.21,100.0,0.0606203,0.39,37.6322,0.21914,0.22,36.0074,0.207378,0.21,100.0,0.0172486,0.49,0.0,0.539659,0.0,0.045522,0.207245,0.0606203,0.216635,0.206105,0.0172486,0,0,0,0,0,0,0,0,0,0,0,0,70.1739,72.3136,0,0.0,36.0268,37.6906,0.0,40.5207,0.0,1,1,1,2,2,1,2,2,1,2,1,1,2,-0.015911500000000002,1,0.028992400000000005,1,50.0,0.0219655,1,150.235,88.2028,0.0219655,0.64,True
2017-10-11 12:10:32,1102031,0.00120848,62.9657,1,1,1,2,1,1,1,1,1,1,2499.84,100.0,0.045522,0.2,40.499,0.209645,0.21,100.0,0.0606203,0.39,37.6322,0.21914,0.22,36.0074,0.207378,0.21,100.0,0.0172486,0.49,0.0,0.539659,0.0,0.045522,0.207245,0.0606203,0.216635,0.206105,0.0172486,0,0,0,0,0,0,0,0,0,0,0,0,70.1739,72.3136,0,0.0,36.0268,37.6906,0.0,40.5207,0.0,1,1,1,2,2,1,2,2,1,2,1,1,2,-0.015911500000000002,1,0.028992400000000005,1,50.0,0.0219655,1,150.235,88.2028,0.0219655,0.64,True
2017-10-11 12:10:33,1102032,0.00120848,62.9657,1,1,1,2,1,1,1,1,1,1,2499.84,100.0,0.045522,0.2,40.499,0.209645,0.21,100.0,0.0606203,0.39,37.6322,0.21914,0.22,36.0074,0.207378,0.21,100.0,0.0172486,0.49,0.0,0.539659,0.0,0.045522,0.207245,0.0606203,0.216635,0.206105,0.0172486,0,0,0,0,0,0,0,0,0,0,0,0,70.1739,72.3136,0,0.0,36.0268,37.6906,0.0,40.5207,0.0,1,1,1,2,2,1,2,2,1,2,1,1,2,-0.015911500000000002,1,0.028992400000000005,1,50.0,0.0219655,1,150.235,88.2028,0.0219655,0.64,True
2017-10-11 12:10:34,1102033,0.00120848,62.9657,1,1,1,2,1,1,1,1,1,1,2499.84,100.0,0.045522,0.2,40.499,0.209645,0.21,100.0,0.0606203,0.39,37.6322,0.21914,0.22,36.0074,0.207378,0.21,100.0,0.0172486,0.49,0.0,0.539659,0.0,0.045522,0.207245,0.0606203,0.216635,0.206105,0.0172486,0,0,0,0,0,0,0,0,0,0,0,0,70.1739,72.3136,0,0.0,36.0268,37.6906,0.0,40.5207,0.0,1,1,1,2,2,1,2,2,1,2,1,1,2,-0.015911500000000002,1,0.028992400000000005,1,50.0,0.0219655,1,150.235,88.2028,0.0219655,0.64,True
2017-10-11 12:10:35,1102034,0.00120848,62.9657,1,1,1,2,1,1,1,1,1,1,2499.84,100.0,0.045522,0.2,40.499,0.209645,0.21,100.0,0.0606203,0.39,37.6322,0.21914,0.22,36.0074,0.207378,0.21,100.0,0.0172486,0.49,0.0,0.539659,0.0,0.045522,0.207245,0.0606203,0.216635,0.206105,0.0172486,0,0,0,0,0,0,0,0,0,0,0,0,70.1739,72.3136,0,0.0,36.0268,37.6906,0.0,40.5207,0.0,1,1,1,2,2,1,2,2,1,2,1,1,2,-0.015911500000000002,1,0.028992400000000005,1,50.0,0.0219655,1,150.235,88.2028,0.0219655,0.64,True
2017-10-11 12:10:36,1102035,0.00120848,62.9657,1,1,1,2,1,1,1,1,1,1,2499.84,100.0,0.045522,0.2,40.499,0.209645,0.21,100.0,0.0606203,0.39,37.6322,0.21914,0.22,36.0074,0.207378,0.21,100.0,0.0172486,0.49,0.0,0.539659,0.0,0.045522,0.207245,0.0606203,0.216635,0.206105,0.0172486,0,0,0,0,0,0,0,0,0,0,0,0,70.1739,72.3136,0,0.0,36.0268,37.6906,0.0,40.5207,0.0,1,1,1,2,2,1,2,2,1,2,1,1,2,-0.015911500000000002,1,0.028992400000000005,1,50.0,0.0219655,1,150.235,88.2028,0.0219655,0.64,True
2017-10-11 12:10:37,1102036,0.00130109,62.9342,1,1,1,2,1,1,1,1,1,1,2498.88,100.0,0.045522,0.2,40.5087,0.20977,0.21,100.0,0.0606203,0.39,37.6726,0.217439,0.22,36.0187,0.208711,0.21,100.0,0.0172486,0.49,0.0,0.539704,0.0,0.045522,0.20977,0.0606203,0.217439,0.208711,0.0172486,0,0,0,0,0,0,0,0,0,0,0,0,70.1656,71.9705,0,0.0,36.0537,37.6976,0.0,40.4908,0.0,1,1,1,2,2,1,2,2,1,2,1,1,2,-0.016247499999999998,1,0.0279188,1,50.0,0.0218563,1,150.241,88.2357,0.0218563,0.64,True
2017-10-11 12:10:38,1102037,0.00130109,62.9342,1,1,1,2,1,1,1,1,1,1,2498.88,100.0,0.045522,0.2,40.5087,0.20977,0.21,100.0,0.0606203,0.39,37.6726,0.217439,0.22,36.0187,0.208711,0.21,100.0,0.0172486,0.49,0.0,0.539704,0.0,0.045522,0.20977,0.0606203,0.217439,0.208711,0.0172486,0,0,0,0,0,0,0,0,0,0,0,0,70.1656,71.9705,0,0.0,36.0537,37.6976,0.0,40.4908,0.0,1,1,1,2,2,1,2,2,1,2,1,1,2,-0.016247499999999998,1,0.0279188,1,50.0,0.0218563,1,150.241,88.2357,0.0218563,0.64,True
2017-10-11 12:10:39,1102038,0.00130109,62.9342,1,1,1,2,1,1,1,1,1,1,2498.88,100.0,0.045522,0.2,40.5087,0.20977,0.21,100.0,0.0606203,0.39,37.6726,0.217439,0.22,36.0187,0.208711,0.21,100.0,0.0172486,0.49,0.0,0.539704,0.0,0.045522,0.20977,0.0606203,0.217439,0.208711,0.0172486,0,0,0,0,0,0,0,0,0,0,0,0,70.1656,71.9705,0,0.0,36.0537,37.6976,0.0,40.4908,0.0,1,1,1,2,2,1,2,2,1,2,1,1,2,-0.016247499999999998,1,0.0279188,1,50.0,0.0218563,1,150.241,88.2357,0.0218563,0.64,True
2017-10-11 12:10:40,1102039,0.00130109,62.9342,1,1,1,2,1,1,1,1,1,1,2498.88,100.0,0.045522,0.2,40.5087,0.20977,0.21,100.0,0.0606203,0.39,37.6726,0.217439,0.22,36.0187,0.208711,0.21,100.0,0.0172486,0.49,0.0,0.539704,0.0,0.045522,0.20977,0.0606203,0.217439,0.208711,0.0172486,0,0,0,0,0,0,0,0,0,0,0,0,70.1656,71.9705,0,0.0,36.0537,37.6976,0.0,40.4908,0.0,1,1,1,2,2,1,2,2,1,2,1,1,2,-0.016247499999999998,1,0.0279188,1,50.0,0.0218563,1,150.241,88.2357,0.0218563,0.64,True
2017-10-11 12:10:41,1102040,0.00130109,62.9342,1,1,1,2,1,1,1,1,1,1,2498.88,100.0,0.045522,0.2,40.5087,0.20977,0.21,100.0,0.0606203,0.39,37.6726,0.217439,0.22,36.0187,0.208711,0.21,100.0,0.0172486,0.49,0.0,0.539704,0.0,0.045522,0.20977,0.0606203,0.217439,0.208711,0.0172486,0,0,0,0,0,0,0,0,0,0,0,0,70.1656,71.9705,0,0.0,36.0537,37.6976,0.0,40.4908,0.0,1,1,1,2,2,1,2,2,1,2,1,1,2,-0.016247499999999998,1,0.0279188,1,50.0,0.0218563,1,150.241,88.2357,0.0218563,0.64,True
2017-10-11 12:10:42,1102041,0.00111096,62.9356,1,1,1,2,1,1,1,1,1,1,2497.42,100.0,0.045522,0.2,40.5436,0.207944,0.21,100.0,0.0606203,0.39,37.6955,0.21763,0.22,36.0716,0.207087,0.21,100.0,0.0172486,0.49,0.0,0.539523,0.0,0.045522,0.209073,0.0606203,0.214563,0.205045,0.0172486,0,0,0,0,0,0,0,0,0,0,0,0,70.2042,71.3901,0,0.0,36.0946,37.7082,0.0,40.5311,0.0,1,1,1,2,2,1,2,2,1,2,1,1,2,-0.0159606,1,0.0275664,1,50.0,0.0218554,1,150.285,88.3034,0.0218554,0.64,True
2017-10-11 12:10:43,1102042,0.00111096,62.9356,1,1,1,2,1,1,1,1,1,1,2497.42,100.0,0.045522,0.2,40.5436,0.207944,0.21,100.0,0.0606203,0.39,37.6955,0.21763,0.22,36.0716,0.207087,0.21,100.0,0.0172486,0.49,0.0,0.539523,0.0,0.045522,0.209073,0.0606203,0.214563,0.205045,0.0172486,0,0,0,0,0,0,0,0,0,0,0,0,70.2042,71.3901,0,0.0,36.0946,37.7082,0.0,40.5311,0.0,1,1,1,2,2,1,2,2,1,2,1,1,2,-0.0159606,1,0.0275664,1,50.0,0.0218554,1,150.285,88.3034,0.0218554,0.64,True
2017-10-11 12:10:44,1102043,0.00111096,62.9356,1,1,1,2,1,1,1,1,1,1,2497.42,100.0,0.045522,0.2,40.5436,0.207944,0.21,100.0,0.0606203,0.39,37.6955,0.21763,0.22,36.0716,0.207087,0.21,100.0,0.0172486,0.49,0.0,0.539523,0.0,0.045522,0.209073,0.0606203,0.214563,0.205045,0.0172486,0,0,0,0,0,0,0,0,0,0,0,0,70.2042,71.3901,0,0.0,36.0946,37.7082,0.0,40.5311,0.0,1,1,1,2,2,1,2,2,1,2,1,1,2,-0.0159606,1,0.0275664,1,50.0,0.0218554,1,150.285,88.3034,0.0218554,0.64,True
2017-10-11 12:10:45,1102044,0.00111096,62.9356,1,1,1,2,1,1,1,1,1,1,2497.42,100.0,0.045522,0.2,40.5436,0.207944,0.21,100.0,0.0606203,0.39,37.6955,0.21763,0.22,36.0716,0.207087,0.21,100.0,0.0172486,0.49,0.0,0.539523,0.0,0.045522,0.209073,0.0606203,0.214563,0.205045,0.0172486,0,0,0,0,0,0,0,0,0,0,0,0,70.2042,71.3901,0,0.0,36.0946,37.7082,0.0,40.5311,0.0,1,1,1,2,2,1,2,2,1,2,1,1,2,-0.0159606,1,0.0275664,1,50.0,0.0218554,1,150.285,88.3034,0.0218554,0.64,True
2017-10-11 12:10:46,1102045,0.00111096,62.9356,1,1,1,2,1,1,1,1,1,1,2497.42,100.0,0.045522,0.2,40.5436,0.207944,0.21,100.0,0.0606203,0.39,37.6955,0.21763,0.22,36.0716,0.207087,0.21,100.0,0.0172486,0.49,0.0,0.539523,0.0,0.045522,0.209073,0.0606203,0.214563,0.205045,0.0172486,0,0,0,0,0,0,0,0,0,0,0,0,70.2042,71.3901,0,0.0,36.0946,37.7082,0.0,40.5311,0.0,1,1,1,2,2,1,2,2,1,2,1,1,2,-0.0159606,1,0.0275664,1,50.0,0.0218554,1,150.285,88.3034,0.0218554,0.64,True
2017-10-11 12:10:47,1102046,0.00111096,62.9356,1,1,1,2,1,1,1,1,1,1,2497.42,100.0,0.045522,0.2,40.5436,0.207944,0.21,100.0,0.0606203,0.39,37.6955,0.21763,0.22,36.0716,0.207087,0.21,100.0,0.0172486,0.49,0.0,0.539523,0.0,0.045522,0.209073,0.0606203,0.214563,0.205045,0.0172486,0,0,0,0,0,0,0,0,0,0,0,0,70.2042,71.3901,0,0.0,36.0946,37.7082,0.0,40.5311,0.0,1,1,1,2,2,1,2,2,1,2,1,1,2,-0.0159606,1,0.0275664,1,50.0,0.0218554,1,150.285,88.3034,0.0218554,0.64,True
2017-10-11 12:10:48,1102047,0.00138715,62.9613,1,1,1,2,1,1,1,1,1,1,2494.37,100.0,0.045522,0.2,40.5793,0.205937,0.21,100.0,0.0606203,0.39,37.7362,0.215832,0.22,36.111,0.206124,0.21,100.0,0.0172486,0.49,0.0,0.539568,0.0,0.045522,0.20750900000000005,0.0606203,0.217275,0.20888,0.0172486,0,0,0,0,0,0,0,0,0,0,0,0,70.244,70.9982,0,0.0,36.1167,37.7099,0.0,40.5455,0.0,1,1,1,2,2,1,2,2,1,2,1,1,2,-0.015042700000000003,1,0.0268206,1,50.0,0.0218327,1,150.14,87.7905,0.0215062,0.64,True
2017-10-11 12:10:49,1102048,0.00138715,62.9613,1,1,1,2,1,1,1,1,1,1,2494.37,100.0,0.045522,0.2,40.5793,0.205937,0.21,100.0,0.0606203,0.39,37.7362,0.215832,0.22,36.111,0.206124,0.21,100.0,0.0172486,0.49,0.0,0.539568,0.0,0.045522,0.20750900000000005,0.0606203,0.217275,0.20888,0.0172486,0,0,0,0,0,0,0,0,0,0,0,0,70.244,70.9982,0,0.0,36.1167,37.7099,0.0,40.5455,0.0,1,1,1,2,2,1,2,2,1,2,1,1,2,-0.015042700000000003,1,0.0268206,1,50.0,0.0218327,1,150.14,87.7905,0.0215062,0.64,True
2017-10-11 12:10:50,1102049,0.00138715,62.9613,1,1,1,2,1,1,1,1,1,1,2494.37,100.0,0.045522,0.2,40.5793,0.205937,0.21,100.0,0.0606203,0.39,37.7362,0.215832,0.22,36.111,0.206124,0.21,100.0,0.0172486,0.49,0.0,0.539568,0.0,0.045522,0.20750900000000005,0.0606203,0.217275,0.20888,0.0172486,0,0,0,0,0,0,0,0,0,0,0,0,70.244,70.9982,0,0.0,36.1167,37.7099,0.0,40.5455,0.0,1,1,1,2,2,1,2,2,1,2,1,1,2,-0.015042700000000003,1,0.0268206,1,50.0,0.0218327,1,150.14,87.7905,0.0215062,0.64,True
2017-10-11 12:10:51,1102050,0.00138715,62.9613,1,1,1,2,1,1,1,1,1,1,2494.37,100.0,0.045522,0.2,40.5793,0.205937,0.21,100.0,0.0606203,0.39,37.7362,0.215832,0.22,36.111,0.206124,0.21,100.0,0.0172486,0.49,0.0,0.539568,0.0,0.045522,0.20750900000000005,0.0606203,0.217275,0.20888,0.0172486,0,0,0,0,0,0,0,0,0,0,0,0,70.244,70.9982,0,0.0,36.1167,37.7099,0.0,40.5455,0.0,1,1,1,2,2,1,2,2,1,2,1,1,2,-0.015042700000000003,1,0.0268206,1,50.0,0.0218327,1,150.14,87.7905,0.0215062,0.64,True
2017-10-11 12:10:52,1102051,0.00138715,62.9613,1,1,1,2,1,1,1,1,1,1,2494.37,100.0,0.045522,0.2,40.5793,0.205937,0.21,100.0,0.0606203,0.39,37.7362,0.215832,0.22,36.111,0.206124,0.21,100.0,0.0172486,0.49,0.0,0.539568,0.0,0.045522,0.20750900000000005,0.0606203,0.217275,0.20888,0.0172486,0,0,0,0,0,0,0,0,0,0,0,0,70.244,70.9982,0,0.0,36.1167,37.7099,0.0,40.5455,0.0,1,1,1,2,2,1,2,2,1,2,1,1,2,-0.015042700000000003,1,0.0268206,1,50.0,0.0218327,1,150.14,87.7905,0.0215062,0.64,True
